subject_id,gender,height,weight,thigh_length,calf_length,torso_length,leg_length,neck_length,chest,waist,hip,thigh,calf,arm,shoulder,thigh_calf_ratio,torso_leg_ratio
F010,F,165.6,52.3,33.3,43.0,42.2,76.3,7.700000000000003,86.1,65.7,92.2,54.3,34.5,27.1,36.4,0.7744186046511627,0.5530799475753605
F017,F,165.2,74.1,28.799999999999997,41.0,44.5,69.8,8.199999999999989,105.0,90.4,98.3,58.1,39.5,32.5,37.8,0.7024390243902439,0.6375358166189112
F020,F,150.3,58.5,25.299999999999997,35.2,39.0,60.5,9.0,92.7,80.3,97.4,57.2,34.4,28.9,35.7,0.7187499999999999,0.6446280991735537
F031,F,161.1,59.0,32.3,36.400000000000006,42.599999999999994,68.7,9.59999999999998,90.6,75.6,95.5,54.8,34.4,26.1,35.8,0.8873626373626371,0.6200873362445414
F041,F,152.9,51.3,27.200000000000003,35.8,39.80000000000001,63.0,8.699999999999989,83.7,66.0,94.6,54.3,35.0,26.7,33.9,0.7597765363128492,0.6317460317460319
F043,F,151.1,49.8,27.4,35.9,37.599999999999994,63.3,7.099999999999994,84.3,68.9,88.0,53.2,34.3,26.8,33.5,0.7632311977715878,0.593996840442338
F051,F,165.9,64.5,30.299999999999997,40.7,45.3,71.0,8.5,87.7,76.6,100.0,57.6,35.0,30.6,35.2,0.7444717444717444,0.6380281690140844
F057,F,156.1,65.0,28.300000000000004,33.9,46.5,62.2,7.0,90.0,78.4,105.4,63.5,38.5,30.4,35.4,0.8348082595870208,0.747588424437299
F061,F,163.5,60.2,31.799999999999997,40.599999999999994,41.400000000000006,72.39999999999999,8.100000000000009,88.8,73.7,97.0,56.0,34.8,29.8,37.6,0.7832512315270936,0.5718232044198897
F063,F,159.8,54.5,30.499999999999993,36.9,42.3,67.39999999999999,8.800000000000026,85.6,71.7,93.0,56.7,33.0,28.0,37.2,0.8265582655826557,0.6275964391691395
F071,F,164.0,90.1,29.60000000000001,39.3,43.8,68.9,10.399999999999991,103.3,89.7,109.2,70.0,44.0,38.0,35.4,0.7531806615776084,0.6357039187227865
F072,F,151.4,55.2,25.1,36.1,41.10000000000001,61.2,6.799999999999997,89.7,75.0,93.6,54.0,33.0,29.2,36.8,0.6952908587257618,0.6715686274509804
F073,F,157.79999999999998,59.7,31.699999999999996,37.4,44.0,69.1,7.200000000000003,80.1,71.0,96.0,59.8,36.8,28.0,35.4,0.8475935828877005,0.6367583212735167
F075,F,157.6,76.3,29.39999999999999,37.7,43.0,67.1,9.499999999999986,105.3,89.1,104.4,63.9,39.5,33.3,37.9,0.7798408488063657,0.6408345752608048
F090,F,151.7,49.6,30.0,34.0,41.8,64.0,5.3999999999999915,85.0,66.8,90.0,53.0,33.5,26.0,32.3,0.8823529411764706,0.653125
F093,F,169.39999999999998,60.1,33.7,40.900000000000006,44.0,74.60000000000001,7.3999999999999915,83.6,69.4,96.5,55.2,36.8,27.0,37.4,0.823960880195599,0.5898123324396782
F098,F,164.0,46.7,34.0,37.3,43.099999999999994,71.3,5.599999999999994,76.0,59.5,86.5,50.0,31.9,25.0,36.5,0.9115281501340483,0.6044880785413744
F099,F,154.7,71.4,29.299999999999997,36.2,40.599999999999994,65.5,7.399999999999977,101.5,94.4,105.0,61.8,38.5,34.0,35.0,0.80939226519337,0.6198473282442747
F103,F,159.0,76.6,27.800000000000004,36.9,37.599999999999994,64.7,8.0,101.0,90.5,105.5,65.2,37.2,34.0,37.4,0.7533875338753389,0.5811437403400308
F111,F,158.4,59.3,28.900000000000006,36.8,41.900000000000006,65.7,9.500000000000014,88.5,74.4,95.9,57.4,34.3,29.8,37.4,0.785326086956522,0.6377473363774734
F115,F,157.9,56.8,29.099999999999994,36.2,44.2,65.3,6.299999999999997,89.1,69.2,95.0,54.0,36.5,29.3,32.7,0.8038674033149169,0.6768759571209801
F117,F,164.60000000000002,83.1,28.500000000000007,38.699999999999996,42.10000000000001,67.2,10.800000000000011,110.8,98.5,102.2,58.1,38.8,34.2,41.1,0.7364341085271321,0.6264880952380953
F120,F,157.89999999999998,52.5,32.1,37.6,40.3,69.7,5.699999999999989,87.6,68.0,88.6,51.4,33.0,27.7,35.9,0.8537234042553191,0.5781922525107603
F123,F,157.7,65.9,31.700000000000003,34.5,44.39999999999999,66.2,8.399999999999991,94.7,83.5,100.3,61.9,36.5,31.1,33.8,0.918840579710145,0.6706948640483382
F125,F,162.0,59.3,31.699999999999996,38.300000000000004,41.900000000000006,70.0,8.09999999999998,92.1,68.0,97.1,58.9,35.2,30.0,33.9,0.8276762402088771,0.5985714285714286
F128,F,165.3,60.8,30.9,37.6,45.39999999999999,68.5,9.399999999999991,82.8,73.5,96.7,54.0,32.3,29.5,36.4,0.8218085106382979,0.6627737226277371
F145,F,156.0,62.9,29.5,37.7,41.099999999999994,67.2,9.400000000000006,95.6,77.0,100.6,60.7,36.2,30.0,36.6,0.7824933687002652,0.6116071428571428
F148,F,159.8,49.8,32.00000000000001,39.9,42.2,71.9,6.200000000000003,85.0,67.0,89.3,50.5,32.5,24.8,33.0,0.8020050125313285,0.5869262865090403
F153,F,156.1,45.3,29.4,38.6,41.89999999999999,68.0,6.1000000000000085,78.5,66.2,85.3,51.0,33.9,24.7,31.3,0.7616580310880828,0.6161764705882352
F156,F,155.3,59.5,28.6,33.9,40.2,62.5,7.799999999999997,95.2,79.3,92.4,50.7,36.1,30.6,35.1,0.8436578171091447,0.6432
F169,F,153.0,70.3,29.099999999999994,36.0,38.8,65.1,9.5,100.2,86.8,104.0,62.7,39.7,33.8,32.9,0.8083333333333331,0.5960061443932412
F178,F,151.79999999999998,65.8,25.200000000000003,36.2,38.099999999999994,61.400000000000006,12.0,93.5,83.4,96.0,56.4,38.8,35.0,36.4,0.6961325966850829,0.6205211726384363
F187,F,150.8,50.4,28.1,35.1,41.8,63.2,7.099999999999994,86.4,65.9,91.7,56.7,34.5,26.5,32.2,0.8005698005698005,0.6613924050632911
F193,F,155.0,49.1,29.499999999999993,37.1,43.099999999999994,66.6,6.0,79.5,65.3,86.4,52.2,33.1,26.7,34.6,0.7951482479784364,0.6471471471471472
F194,F,167.4,54.0,32.800000000000004,40.4,43.0,73.2,8.099999999999994,82.8,71.0,91.8,50.4,33.5,27.5,36.4,0.811881188118812,0.587431693989071
F199,F,157.9,46.7,30.200000000000003,38.2,40.2,68.4,8.599999999999994,78.4,65.9,89.5,50.0,32.6,24.5,33.9,0.7905759162303665,0.587719298245614
F203,F,155.0,59.6,30.799999999999997,35.400000000000006,40.8,66.2,9.899999999999977,92.2,79.4,94.0,57.5,35.8,29.4,33.3,0.870056497175141,0.6163141993957704
F220,F,159.6,56.5,28.700000000000003,38.2,47.0,66.9,5.400000000000006,83.0,69.9,94.8,54.8,34.7,27.2,32.1,0.7513089005235603,0.70254110612855
F221,F,155.7,48.6,32.5,36.5,41.8,69.0,7.900000000000006,82.0,67.0,89.6,52.8,34.2,26.0,34.8,0.8904109589041096,0.6057971014492753
F223,F,154.2,71.9,26.299999999999997,37.3,37.60000000000001,63.599999999999994,11.099999999999994,109.5,101.2,95.8,52.2,36.5,31.0,36.3,0.7050938337801609,0.5911949685534593
F226,F,160.6,54.7,30.200000000000003,40.0,44.2,70.2,8.999999999999986,87.0,77.5,92.6,49.3,32.5,27.0,33.3,0.7550000000000001,0.6296296296296297
F233,F,152.3,61.8,26.700000000000003,41.099999999999994,39.5,67.8,6.900000000000006,100.5,84.2,91.2,52.4,37.7,29.5,34.6,0.6496350364963506,0.5825958702064897
F234,F,146.2,47.0,29.400000000000006,34.3,37.5,63.7,5.200000000000003,79.6,62.8,91.0,52.0,33.0,25.2,33.0,0.8571428571428574,0.5886970172684458
F241,F,147.6,57.3,27.4,34.9,36.3,62.3,8.700000000000003,91.6,83.8,92.5,55.5,35.4,31.0,30.8,0.7851002865329513,0.5826645264847512
F246,F,154.79999999999998,59.9,27.799999999999997,34.0,41.3,61.8,7.099999999999994,92.3,75.5,98.4,56.8,34.4,28.3,35.8,0.8176470588235293,0.6682847896440129
F251,F,161.70000000000002,49.0,31.4,39.4,43.400000000000006,70.8,6.90000000000002,80.5,63.0,87.5,52.8,34.4,25.4,33.1,0.7969543147208121,0.612994350282486
F259,F,155.0,71.8,26.799999999999997,37.7,39.7,64.5,9.799999999999997,106.6,94.1,100.7,62.5,36.3,32.6,32.4,0.7108753315649866,0.6155038759689923
F265,F,155.3,65.5,29.099999999999994,37.5,41.0,66.6,7.200000000000003,91.0,78.8,100.8,64.0,38.6,32.1,35.2,0.7759999999999998,0.6156156156156156
F268,F,154.6,53.5,29.0,36.0,39.5,65.0,7.400000000000006,82.5,67.5,94.3,56.7,35.0,28.7,31.6,0.8055555555555556,0.6076923076923076
F269,F,159.5,52.4,30.4,37.6,43.2,68.0,5.300000000000011,79.8,60.6,88.9,53.2,34.6,27.4,36.4,0.8085106382978723,0.6352941176470589
F274,F,165.6,53.7,32.900000000000006,42.8,41.599999999999994,75.7,5.0,78.0,69.5,91.5,52.2,34.3,23.7,33.5,0.768691588785047,0.5495376486129457
F275,F,144.1,74.7,24.700000000000003,33.0,34.7,57.7,12.900000000000006,102.5,95.0,106.2,62.9,42.9,36.9,35.1,0.7484848484848485,0.6013864818024264
F282,F,160.9,60.3,28.300000000000004,39.9,40.5,68.2,11.200000000000003,89.0,74.3,94.0,55.5,35.0,27.3,37.0,0.7092731829573936,0.593841642228739
F285,F,162.6,63.0,32.599999999999994,39.0,43.2,71.6,6.800000000000011,94.0,76.6,96.7,58.5,37.8,28.9,36.8,0.8358974358974357,0.6033519553072627
F292,F,163.3,62.4,29.4,36.9,46.599999999999994,66.3,6.500000000000028,91.3,72.7,98.3,53.8,36.0,29.0,35.0,0.7967479674796748,0.702865761689291
F293,F,151.5,57.5,26.0,37.7,37.099999999999994,63.7,9.0,88.3,75.8,93.4,56.4,36.0,29.5,34.8,0.689655172413793,0.5824175824175823
F301,F,153.6,55.9,28.6,39.4,39.599999999999994,68.0,4.199999999999989,87.6,71.9,90.9,54.5,36.2,29.6,30.4,0.7258883248730965,0.5823529411764705
F312,F,153.2,51.4,30.299999999999997,34.8,38.5,65.1,6.1000000000000085,84.5,67.0,87.6,53.5,35.2,25.5,34.5,0.8706896551724138,0.5913978494623656
F313,F,169.6,63.5,32.00000000000001,39.9,43.099999999999994,71.9,11.300000000000011,88.7,76.5,99.4,59.6,33.3,27.7,34.7,0.8020050125313285,0.5994436717663421
F317,F,153.0,55.1,29.099999999999994,36.5,37.3,65.6,7.6000000000000085,88.0,73.0,94.7,54.6,34.1,27.2,35.5,0.7972602739726026,0.5685975609756098
F319,F,161.7,55.7,29.4,43.4,39.0,72.8,7.799999999999983,88.2,72.3,90.5,49.8,31.8,25.7,33.6,0.6774193548387096,0.5357142857142857
F342,F,150.6,56.9,25.700000000000003,34.7,36.900000000000006,60.400000000000006,8.600000000000009,89.5,74.2,94.0,55.0,36.8,30.2,33.0,0.7406340057636888,0.6109271523178809
F343,F,157.7,62.8,27.700000000000003,39.7,36.30000000000001,67.4,8.09999999999998,91.9,79.2,94.6,57.6,36.7,30.7,34.6,0.6977329974811083,0.5385756676557865
F345,F,164.89999999999998,60.0,33.400000000000006,36.2,42.599999999999994,69.60000000000001,7.700000000000003,88.0,71.0,94.4,56.8,34.0,27.5,35.0,0.9226519337016575,0.6120689655172412
F346,F,157.89999999999998,56.9,29.900000000000006,35.2,42.7,65.10000000000001,6.59999999999998,77.8,66.0,94.9,56.0,35.3,28.0,33.1,0.8494318181818182,0.6559139784946236
F349,F,164.5,58.5,31.799999999999997,42.2,41.599999999999994,74.0,6.1000000000000085,86.4,69.6,92.6,53.8,36.5,29.8,33.4,0.7535545023696681,0.5621621621621621
F352,F,156.7,58.9,28.699999999999996,38.1,37.5,66.8,8.900000000000006,92.8,75.0,92.1,54.3,36.5,30.0,33.4,0.7532808398950129,0.561377245508982
F354,F,149.8,79.5,26.599999999999994,34.7,33.099999999999994,61.3,12.199999999999989,108.5,101.3,112.0,63.3,39.5,36.5,34.4,0.7665706051873197,0.5399673735725937
F355,F,163.8,53.0,34.8,41.8,34.599999999999994,76.6,9.200000000000017,79.8,69.2,92.0,53.0,33.8,25.0,34.1,0.8325358851674641,0.4516971279373368
F357,F,161.2,55.1,30.200000000000003,39.3,40.3,69.5,9.299999999999997,81.5,67.9,89.6,56.0,35.1,27.9,35.0,0.7684478371501273,0.5798561151079137
F364,F,158.7,59.5,27.700000000000003,36.5,43.400000000000006,64.2,8.0,85.5,73.7,95.4,55.4,35.7,29.5,34.6,0.7589041095890412,0.6760124610591901
F365,F,154.2,63.0,28.800000000000004,35.9,36.5,64.7,8.400000000000006,90.9,78.4,100.0,57.8,37.2,30.9,34.6,0.8022284122562675,0.5641421947449768
F368,F,150.3,50.9,28.599999999999994,33.5,38.0,62.099999999999994,7.3999999999999915,81.7,66.8,89.5,55.1,33.8,27.7,34.5,0.8537313432835819,0.6119162640901772
F369,F,161.5,55.0,32.7,38.2,40.099999999999994,70.9,9.399999999999991,84.4,65.9,92.7,52.8,34.4,27.2,34.7,0.856020942408377,0.5655853314527503
F374,F,155.4,54.1,28.89999999999999,34.7,41.3,63.599999999999994,8.399999999999991,82.5,68.6,94.8,53.5,32.7,26.5,34.5,0.8328530259365992,0.64937106918239
F376,F,162.6,70.1,30.799999999999997,38.3,37.8,69.1,12.799999999999997,97.0,83.5,98.5,57.8,36.8,32.3,38.1,0.804177545691906,0.5470332850940666
F385,F,156.2,64.7,26.9,38.1,38.400000000000006,65.0,11.199999999999974,93.7,78.6,99.1,59.0,37.5,30.4,34.0,0.706036745406824,0.5907692307692308
F394,F,159.9,57.6,30.799999999999997,37.7,40.0,68.5,8.100000000000009,83.6,70.6,95.5,57.0,35.3,26.7,36.9,0.8169761273209548,0.583941605839416
F396,F,156.29999999999998,53.6,27.799999999999997,37.2,36.900000000000006,65.0,10.199999999999989,84.3,71.4,88.2,51.8,34.8,27.4,34.2,0.7473118279569891,0.5676923076923078
F398,F,151.4,52.1,29.0,36.8,35.89999999999999,65.8,9.0,88.4,71.0,89.6,53.6,33.2,27.7,35.5,0.7880434782608696,0.5455927051671732
F405,F,135.2,54.5,30.599999999999994,16.5,38.900000000000006,47.099999999999994,7.599999999999994,89.0,68.7,94.6,57.4,33.5,27.8,33.8,1.8545454545454543,0.8259023354564758
F408,F,159.4,56.3,30.799999999999997,38.8,43.2,69.6,8.100000000000009,85.3,71.0,95.2,51.0,33.3,29.0,34.5,0.7938144329896907,0.6206896551724139
M012,M,173.9,78.4,26.999999999999993,44.1,50.2,71.1,8.199999999999989,92.3,82.1,100.4,60.9,39.5,32.4,38.6,0.6122448979591835,0.7060478199718707
M018,M,171.6,68.7,27.5,42.7,46.5,70.2,8.300000000000011,84.1,79.7,95.8,58.1,37.7,30.3,39.4,0.6440281030444964,0.6623931623931624
M019,M,160.4,65.4,31.900000000000006,35.0,42.7,66.9,8.100000000000009,91.1,82.2,90.6,50.1,35.0,30.8,38.9,0.9114285714285716,0.6382660687593423
M021,M,164.8,56.4,31.699999999999996,38.1,45.89999999999999,69.8,5.5,85.6,82.7,87.3,45.8,33.9,26.7,37.6,0.832020997375328,0.657593123209169
M023,M,168.5,56.3,31.099999999999994,43.400000000000006,44.5,74.5,8.199999999999974,83.0,70.1,86.6,47.0,34.8,26.9,37.1,0.7165898617511518,0.5973154362416108
M025,M,163.3,85.5,26.699999999999996,39.4,42.69999999999999,66.1,8.200000000000017,98.3,98.2,104.6,65.7,42.1,36.2,40.4,0.6776649746192892,0.6459909228441754
M030,M,166.3,76.9,26.000000000000007,38.9,47.400000000000006,64.9,8.0,96.1,82.6,99.0,93.7,39.0,35.3,41.9,0.6683804627249359,0.7303543913713405
M034,M,162.0,73.1,25.599999999999994,41.5,40.10000000000001,67.1,6.799999999999983,94.5,84.0,97.5,59.2,39.0,35.3,43.4,0.6168674698795179,0.5976154992548437
M035,M,160.5,46.6,-50.0,117.0,42.8,67.0,9.0,78.8,65.6,84.0,46.0,33.2,23.5,34.4,-0.42735042735042733,0.6388059701492537
M036,M,161.7,53.6,26.299999999999997,39.5,44.400000000000006,65.8,5.499999999999986,85.2,71.0,84.7,48.0,33.9,26.0,38.3,0.6658227848101265,0.6747720364741643
M043,M,178.20000000000002,57.3,35.39999999999999,45.0,44.3,80.39999999999999,7.700000000000017,80.6,68.9,85.0,50.0,33.0,26.3,39.5,0.7866666666666665,0.5509950248756219
M044,M,166.5,58.1,29.799999999999997,40.5,40.8,70.3,9.500000000000014,83.8,71.5,88.0,50.2,36.0,29.2,39.2,0.7358024691358024,0.5803698435277382
M046,M,156.6,69.6,26.400000000000006,37.2,39.5,63.60000000000001,9.700000000000017,95.6,87.5,97.6,58.2,38.4,32.9,37.4,0.7096774193548389,0.621069182389937
M050,M,161.39999999999998,59.7,26.800000000000004,38.300000000000004,43.7,65.10000000000001,6.799999999999997,87.6,74.1,89.1,53.7,35.9,31.7,39.6,0.6997389033942559,0.6712749615975422
M057,M,166.3,75.0,32.4,37.9,45.10000000000001,70.3,8.40000000000002,97.0,80.3,98.0,57.9,39.5,34.3,40.7,0.8548812664907651,0.6415362731152207
M058,M,169.7,75.0,27.9,40.6,45.80000000000001,68.5,8.299999999999969,95.2,83.9,97.5,58.0,40.6,33.0,39.7,0.687192118226601,0.6686131386861316
M060,M,164.8,65.2,28.799999999999997,42.0,45.400000000000006,70.8,6.90000000000002,88.7,78.0,94.0,57.0,38.4,30.6,39.9,0.6857142857142856,0.6412429378531075
M064,M,163.39999999999998,64.1,28.699999999999996,41.800000000000004,40.69999999999999,70.5,7.200000000000003,86.0,78.9,91.4,54.8,37.8,30.5,39.4,0.686602870813397,0.5773049645390069
M071,M,169.7,67.3,26.10000000000001,42.8,45.900000000000006,68.9,7.0,90.5,73.3,92.2,56.3,37.5,32.6,40.9,0.6098130841121497,0.6661828737300436
M072,M,159.8,66.2,30.500000000000007,38.4,43.60000000000001,68.9,7.5,88.8,83.5,92.6,55.1,38.7,31.1,37.3,0.7942708333333336,0.632801161103048
M076,M,159.6,69.2,29.500000000000007,35.4,44.5,64.9,7.699999999999989,93.5,82.8,97.5,58.0,37.0,33.5,36.3,0.8333333333333336,0.6856702619414483
M077,M,171.1,56.9,29.199999999999996,45.1,47.000000000000014,74.3,6.5,83.8,71.0,86.4,47.4,34.1,26.4,38.4,0.6474501108647449,0.6325706594885601
M083,M,166.2,64.5,30.700000000000003,42.7,44.7,73.4,6.200000000000003,89.3,73.2,90.0,52.3,35.5,32.3,41.3,0.7189695550351288,0.608991825613079
M084,M,169.5,62.2,31.000000000000007,42.6,43.7,73.60000000000001,7.599999999999994,89.4,70.7,91.0,52.6,34.0,30.8,40.4,0.7276995305164321,0.59375
M086,M,174.0,55.8,32.60000000000001,45.099999999999994,44.79999999999998,77.7,6.500000000000014,85.9,61.7,85.3,47.0,35.9,25.9,41.1,0.7228381374722841,0.5765765765765763
M088,M,159.7,74.0,29.19999999999999,39.0,39.400000000000006,68.19999999999999,9.099999999999994,98.6,89.0,97.4,59.1,37.0,35.4,42.0,0.7487179487179484,0.5777126099706746
M090,M,174.0,85.6,31.200000000000003,43.3,38.7,74.5,12.299999999999983,99.2,91.0,99.0,61.3,41.0,34.5,43.3,0.7205542725173212,0.5194630872483221
M093,M,165.2,63.6,30.5,41.5,44.900000000000006,72.0,6.0,91.1,81.0,87.5,48.4,34.0,31.5,40.6,0.7349397590361446,0.6236111111111112
M094,M,163.79999999999998,68.4,29.800000000000004,40.300000000000004,44.599999999999994,70.10000000000001,1.8999999999999915,95.2,82.9,92.8,55.7,37.5,30.5,36.6,0.739454094292804,0.63623395149786
M095,M,170.0,65.8,29.400000000000006,42.7,45.3,72.10000000000001,7.299999999999997,91.8,81.2,87.0,50.5,35.9,28.1,41.4,0.6885245901639345,0.6282940360610262
M099,M,171.1,53.4,31.900000000000006,39.5,45.5,71.4,8.500000000000014,81.3,61.3,85.0,47.5,33.3,26.4,39.8,0.807594936708861,0.6372549019607843
M116,M,169.4,73.8,30.500000000000007,45.199999999999996,43.0,75.7,6.90000000000002,95.5,85.8,95.8,58.3,37.9,31.9,41.4,0.6747787610619471,0.5680317040951123
M119,M,162.79999999999998,68.4,29.39999999999999,42.400000000000006,42.900000000000006,71.8,3.1999999999999744,98.1,73.1,92.0,59.8,37.1,34.7,41.6,0.693396226415094,0.5974930362116992
M120,M,162.39999999999998,76.4,33.00000000000001,37.1,42.89999999999999,70.10000000000001,8.299999999999983,97.4,99.8,97.6,58.2,35.8,33.6,38.2,0.8894878706199463,0.6119828815977173
M133,M,171.4,76.8,34.400000000000006,42.0,43.3,76.4,9.600000000000009,88.9,83.5,95.5,58.6,39.8,31.2,42.1,0.8190476190476191,0.5667539267015707
M138,M,164.9,58.8,33.300000000000004,39.4,41.900000000000006,72.7,5.400000000000006,85.6,70.7,85.5,52.4,32.4,29.8,41.4,0.8451776649746194,0.5763411279229712
M143,M,165.5,55.7,27.700000000000003,44.7,44.8,72.4,6.400000000000006,84.2,72.6,83.8,45.9,35.4,26.3,35.6,0.6196868008948546,0.6187845303867402
M149,M,168.6,57.6,31.699999999999996,42.9,43.30000000000001,74.6,6.599999999999994,79.5,70.3,86.7,47.3,34.7,26.3,37.7,0.7389277389277389,0.5804289544235927
M151,M,169.4,71.7,32.3,40.7,44.099999999999994,73.0,10.900000000000006,93.7,83.2,93.1,53.9,37.5,32.2,39.7,0.7936117936117935,0.6041095890410958
M156,M,169.2,66.0,33.4,40.6,44.599999999999994,74.0,8.100000000000009,87.4,78.5,89.5,52.5,35.1,31.2,38.4,0.8226600985221674,0.6027027027027027
M158,M,175.1,77.8,27.60000000000001,45.5,48.5,73.10000000000001,6.999999999999986,57.3,86.2,95.3,56.0,39.8,32.0,40.9,0.6065934065934068,0.6634746922024624
M160,M,161.7,60.7,31.099999999999994,37.900000000000006,40.7,69.0,9.999999999999986,87.0,77.1,89.7,52.6,36.1,28.2,39.5,0.8205804749340366,0.5898550724637681
M163,M,166.6,54.5,29.5,42.7,42.2,72.2,10.199999999999974,8.2,73.2,84.5,46.7,32.2,25.0,38.5,0.6908665105386417,0.5844875346260388
M164,M,161.2,72.9,31.199999999999996,36.1,40.60000000000001,67.3,8.699999999999989,95.0,91.5,92.5,56.2,37.5,32.3,41.6,0.8642659279778392,0.6032689450222884
M168,M,170.2,67.5,32.6,40.6,43.5,73.2,11.800000000000011,93.0,74.4,92.5,53.0,34.8,29.9,40.3,0.8029556650246306,0.5942622950819672
M170,M,172.10000000000002,70.2,29.200000000000003,43.3,43.8,72.5,9.700000000000017,93.6,78.2,90.8,53.0,36.3,32.0,40.7,0.6743648960739032,0.6041379310344828
M173,M,169.0,62.6,33.300000000000004,42.300000000000004,44.79999999999998,75.60000000000001,6.499999999999986,86.1,78.5,89.3,51.5,33.3,29.0,37.3,0.7872340425531915,0.5925925925925923
M176,M,168.7,76.5,29.800000000000004,44.4,43.900000000000006,74.2,8.900000000000006,97.8,76.9,96.5,61.5,37.9,35.7,39.9,0.6711711711711713,0.5916442048517521
M178,M,164.7,59.5,31.299999999999997,41.5,44.60000000000001,72.8,6.299999999999983,84.0,68.3,87.0,52.1,34.1,29.5,39.7,0.7542168674698795,0.6126373626373628
M181,M,162.9,60.5,28.500000000000007,42.4,44.8,70.9,7.3999999999999915,85.0,74.2,86.9,52.0,36.2,28.6,36.9,0.6721698113207549,0.6318758815232721
M184,M,163.39999999999998,68.8,31.39999999999999,39.400000000000006,41.2,70.8,9.199999999999989,103.7,76.0,89.8,57.0,37.4,33.4,42.0,0.7969543147208118,0.5819209039548023
M187,M,161.0,57.6,30.700000000000003,37.2,41.599999999999994,67.9,6.099999999999994,82.8,70.1,88.4,53.9,34.7,28.0,39.5,0.8252688172043011,0.6126656848306331
M189,M,173.5,66.4,30.700000000000003,42.2,43.5,72.9,10.0,89.2,71.3,93.5,54.0,36.0,30.1,42.5,0.7274881516587678,0.5967078189300411
M195,M,155.3,60.2,32.7,31.099999999999998,42.599999999999994,63.8,5.900000000000006,88.7,77.8,87.5,53.4,36.3,28.8,37.7,1.0514469453376207,0.6677115987460814
M211,M,176.1,68.1,36.7,44.0,-55.50000000000001,80.7,111.39999999999998,88.1,77.4,92.0,53.6,35.4,27.1,41.0,0.8340909090909091,-0.687732342007435
M215,M,172.1,69.0,33.400000000000006,42.5,43.39999999999999,75.9,11.100000000000009,93.9,78.3,94.6,56.0,34.8,30.8,39.9,0.7858823529411766,0.5718050065876151
M216,M,173.0,85.1,30.9,41.6,46.10000000000001,72.5,9.799999999999983,96.7,91.0,101.2,61.2,41.4,33.3,40.0,0.7427884615384615,0.6358620689655173
M221,M,165.9,58.6,32.7,37.0,42.5,69.7,8.599999999999994,82.2,71.0,87.3,48.6,33.0,28.0,40.3,0.8837837837837839,0.6097560975609756
M225,M,164.8,71.2,28.799999999999997,39.5,40.89999999999999,68.3,11.200000000000017,95.4,79.7,96.0,60.1,36.1,32.4,38.5,0.7291139240506328,0.5988286969253294
M226,M,160.5,77.1,27.799999999999997,39.2,39.89999999999999,67.0,9.300000000000011,102.7,87.2,96.5,57.3,38.1,35.1,41.7,0.7091836734693876,0.5955223880597014
M231,M,165.8,62.1,28.700000000000003,41.3,41.2,70.0,9.400000000000006,81.5,76.4,90.3,54.1,36.0,28.9,38.6,0.6949152542372883,0.5885714285714286
M242,M,164.6,74.0,29.699999999999996,41.9,41.900000000000006,71.6,7.699999999999989,93.6,87.6,94.6,56.3,33.3,33.6,42.8,0.7088305489260143,0.5851955307262571
M265,M,164.7,60.1,29.299999999999997,40.5,45.099999999999994,69.8,8.500000000000014,85.5,72.8,84.3,51.2,35.6,30.8,36.4,0.7234567901234568,0.646131805157593
M270,M,171.6,68.4,34.00000000000001,42.9,44.5,76.9,8.299999999999983,92.7,73.3,92.6,52.8,36.2,30.3,38.3,0.7925407925407927,0.5786736020806241
M272,M,175.3,73.1,33.400000000000006,43.599999999999994,46.80000000000001,77.0,10.500000000000014,89.6,81.9,99.9,53.4,37.7,31.1,41.1,0.7660550458715598,0.607792207792208
M279,M,163.7,63.7,31.400000000000006,39.3,43.5,70.7,10.700000000000003,85.3,74.6,92.4,57.0,35.4,29.3,36.9,0.7989821882951657,0.6152758132956152
M284,M,160.10000000000002,62.6,27.299999999999997,40.099999999999994,41.60000000000001,67.39999999999999,7.900000000000006,89.9,76.0,88.0,53.5,35.6,31.1,34.2,0.6807980049875312,0.6172106824925818
M288,M,164.70000000000002,74.6,29.400000000000006,40.3,44.5,69.7,7.000000000000028,100.3,88.0,96.4,56.7,35.6,32.6,38.7,0.7295285359801491,0.6384505021520803
M290,M,171.2,61.4,32.899999999999984,44.300000000000004,43.89999999999999,77.19999999999999,8.100000000000023,83.3,71.9,87.4,49.7,35.2,28.1,37.8,0.7426636568848755,0.5686528497409327
M292,M,173.8,64.8,35.3,41.7,44.900000000000006,77.0,9.400000000000006,84.8,75.2,85.5,50.6,35.0,29.1,41.9,0.8465227817745802,0.5831168831168831
M295,M,174.60000000000002,74.8,33.89999999999999,42.5,43.89999999999999,76.39999999999999,7.300000000000026,93.5,79.3,94.8,56.2,38.5,30.1,40.4,0.7976470588235293,0.5746073298429318
M300,M,167.20000000000002,56.9,27.4,40.199999999999996,46.3,67.6,8.800000000000011,83.5,69.9,85.5,47.1,33.6,26.9,35.1,0.681592039800995,0.6849112426035503
M302,M,164.3,88.5,28.200000000000003,38.7,41.89999999999999,66.9,8.299999999999997,108.0,99.5,105.1,66.3,40.0,36.1,37.4,0.7286821705426357,0.6263079222720477
M309,M,160.8,57.1,26.699999999999996,38.699999999999996,44.2,65.39999999999999,7.000000000000014,82.4,74.7,88.9,50.7,32.4,27.6,35.0,0.689922480620155,0.6758409785932723
M332,M,166.2,79.2,30.1,39.6,46.0,69.7,5.199999999999989,101.6,92.0,94.5,95.4,39.1,32.6,39.4,0.76010101010101,0.6599713055954088
M336,M,161.0,62.5,29.099999999999994,38.8,1.9000000000000057,67.89999999999999,46.2,86.3,76.1,91.0,56.5,35.3,30.3,35.6,0.7499999999999999,0.027982326951399204
M346,M,169.29999999999998,83.4,27.400000000000006,42.5,45.2,69.9,11.199999999999974,102.1,97.2,100.2,54.6,39.0,34.4,42.8,0.6447058823529414,0.6466380543633763
M356,M,175.5,81.7,31.800000000000004,43.6,38.3,75.4,15.899999999999991,95.6,83.7,98.4,60.5,38.4,35.3,40.9,0.7293577981651377,0.5079575596816975
M360,M,167.3,105.6,24.199999999999996,40.6,42.5,64.8,10.099999999999994,113.4,116.5,109.5,64.1,44.5,37.2,40.7,0.5960591133004924,0.6558641975308642
M369,M,171.3,63.8,30.599999999999994,44.2,43.499999999999986,74.8,10.700000000000017,88.9,76.1,91.0,52.1,33.6,29.4,37.0,0.6923076923076922,0.5815508021390373
M385,M,154.9,57.2,26.60000000000001,35.8,43.8,62.400000000000006,7.6000000000000085,87.1,80.3,85.4,48.7,35.9,27.9,36.6,0.7430167597765366,0.7019230769230768
M404,M,170.2,83.7,29.099999999999994,40.0,49.2,69.1,8.699999999999989,101.8,91.2,101.2,60.2,41.2,33.6,40.1,0.7274999999999998,0.7120115774240232
M406,M,157.3,74.4,24.5,39.2,42.3,63.7,11.499999999999986,97.3,95.1,94.1,54.3,36.9,31.9,37.6,0.625,0.6640502354788068
M407,M,166.39999999999998,68.1,29.400000000000006,41.5,44.099999999999994,70.9,12.09999999999998,93.2,78.1,92.8,93.1,36.9,31.9,36.8,0.7084337349397591,0.622002820874471
M412,M,172.8,77.6,30.700000000000003,41.3,46.69999999999999,72.0,13.099999999999994,95.8,83.7,99.5,58.2,40.5,33.1,39.1,0.7433414043583536,0.6486111111111109
M417,M,149.7,59.0,25.699999999999996,35.9,43.099999999999994,61.599999999999994,5.3999999999999915,88.2,85.7,89.6,48.7,33.5,26.8,34.8,0.7158774373259053,0.6996753246753247
M419,M,167.4,68.7,26.200000000000003,42.5,40.900000000000006,68.7,10.900000000000006,93.7,84.6,87.9,48.7,36.9,29.2,40.8,0.6164705882352942,0.5953420669577876
M424,M,164.0,65.5,26.900000000000006,42.5,43.10000000000001,69.4,7.699999999999974,95.3,85.6,89.5,50.2,32.4,31.4,36.7,0.6329411764705883,0.6210374639769454
M454,M,156.9,54.0,29.0,39.0,39.5,68.0,9.300000000000011,79.8,71.7,85.7,48.4,33.2,28.0,35.5,0.7435897435897436,0.5808823529411765
M456,M,158.60000000000002,54.6,26.199999999999996,40.4,43.5,66.6,8.000000000000028,84.2,79.0,88.2,44.4,30.8,26.2,38.6,0.6485148514851484,0.6531531531531533
M460,M,171.39999999999998,65.6,29.799999999999997,43.0,41.3,72.8,12.899999999999991,92.7,81.8,92.3,48.0,35.6,27.6,41.1,0.6930232558139534,0.5673076923076923
M463,M,159.5,46.9,28.800000000000004,37.6,38.7,66.4,11.100000000000009,81.3,74.8,82.5,39.5,30.5,25.0,36.2,0.7659574468085107,0.5828313253012049
M465,M,156.4,66.7,24.5,38.699999999999996,42.599999999999994,63.199999999999996,6.900000000000006,93.1,89.7,91.6,49.8,34.8,29.1,35.5,0.6330749354005168,0.6740506329113923
M468,M,164.3,80.9,27.999999999999993,38.6,43.599999999999994,66.6,8.800000000000011,100.7,98.0,102.9,63.7,39.6,35.9,37.4,0.7253886010362692,0.6546546546546547
M470,M,168.0,56.0,34.3,42.2,39.099999999999994,76.5,10.799999999999997,84.3,69.7,83.2,47.6,32.9,28.5,38.2,0.8127962085308056,0.5111111111111111
M472,M,172.2,73.9,32.699999999999996,41.9,47.70000000000002,74.6,9.5,95.2,86.3,96.2,53.3,37.0,29.5,40.2,0.7804295942720763,0.6394101876675606
M476,M,161.4,65.9,31.099999999999994,38.0,45.599999999999994,69.1,8.400000000000006,92.4,83.6,89.8,53.4,35.5,30.2,37.5,0.8184210526315788,0.6599131693198264
M481,M,154.9,64.3,29.0,36.2,43.69999999999999,65.2,6.5,97.2,91.3,92.2,53.3,35.8,28.8,37.4,0.8011049723756906,0.6702453987730059
M497,M,153.4,63.9,25.300000000000004,38.6,39.19999999999999,63.900000000000006,6.400000000000006,90.3,87.0,95.6,54.0,35.0,29.9,37.5,0.6554404145077721,0.6134585289514864
