subject_id,gender,height,weight,actual_thigh,pred_thigh,actual_calf,pred_calf,actual_arm,pred_arm
sizkorea_f010,F,167.1,52.3,54.3,52.01801596925793,34.5,33.808072149237354,27.1,25.47287810833963
sizkorea_f017,F,167.6,74.1,58.1,64.15506066569475,39.5,39.308760078694185,32.5,35.201438644021806
sizkorea_f020,F,153.3,58.5,57.2,55.15068088867591,34.4,36.0722818601774,28.9,29.896692526070556
sizkorea_f031,F,167.4,59.0,54.8,55.26914542560941,34.4,35.214780475334294,26.1,28.719322844697256
sizkorea_f041,F,156.9,51.3,54.3,53.789215355269874,35.0,33.86891822430889,26.7,26.824156176920383
sizkorea_f043,F,153.6,49.8,53.2,53.58539664376105,34.3,34.04176776981023,26.8,26.70867453801744
sizkorea_f051,F,169.9,64.5,57.6,56.61769604933628,35.0,35.685213351192374,30.6,30.701479624114
sizkorea_f057,F,161.6,65.0,63.5,59.44253843021355,38.5,37.80570222149493,30.4,30.529376985957732
sizkorea_f061,F,166.7,60.2,56.0,57.42500345651386,34.8,36.692073910437955,29.8,29.512534958648445
sizkorea_f063,F,164.5,54.5,56.7,52.46878872619467,33.0,33.72568765466557,28.0,26.57881904687646
sizkorea_f071,F,166.5,90.1,70.0,62.249185074361755,44.0,39.736369075721676,38.0,35.14357799306633
sizkorea_f072,F,154.9,55.2,54.0,53.204148962948004,33.0,34.14564932943237,29.2,27.79735334021321
sizkorea_f073,F,161.7,59.7,59.8,56.6323505646092,36.8,35.35157020521552,28.0,28.979339776938488
sizkorea_f075,F,161.6,76.3,63.9,63.899468439925045,39.5,40.323260186811815,33.3,35.25293907435936
sizkorea_f090,F,157.2,49.6,53.0,53.74300420883517,33.5,34.12865789344152,26.0,27.067841416522405
sizkorea_f093,F,172.2,60.1,55.2,55.702220810827626,36.8,33.5231179151568,27.0,27.976933912928157
sizkorea_f098,F,169.0,46.7,50.0,52.2169829459113,31.9,33.50147167875573,25.0,24.889501605688324
sizkorea_f099,F,158.5,71.4,61.8,57.446146822310936,38.5,38.16325423624195,34.0,33.25077449662089
sizkorea_f103,F,162.5,76.6,65.2,63.29671553683334,37.2,40.8994841670704,34.0,35.511817647747634
sizkorea_f111,F,164.1,59.3,57.4,58.45809125065902,34.3,35.971060862229194,29.8,29.156885764165654
sizkorea_f115,F,161.4,56.8,54.0,54.52656489628007,36.5,34.525941399311435,29.3,27.68923893370329
sizkorea_f117,F,169.3,83.1,58.1,62.43351740117009,38.8,39.32684876429113,34.2,34.861905087381395
sizkorea_f120,F,160.7,52.5,51.4,52.246447523921674,33.0,33.40813136348331,27.7,26.025612557189827
sizkorea_f123,F,163.0,65.9,61.9,58.77334622183783,36.5,37.286848646298765,31.1,30.407161708004352
sizkorea_f125,F,167.3,59.3,58.9,57.13277289426724,35.2,34.23647133986883,30.0,29.191848872817545
sizkorea_f128,F,169.3,60.8,54.0,55.54004753531043,32.3,35.03173151642634,29.5,28.260958409839862
sizkorea_f145,F,160.5,62.9,60.7,59.1840730014597,36.2,37.358863030460824,30.0,29.771345893487993
sizkorea_f148,F,162.3,49.8,50.5,52.25453172721793,32.5,33.12464233850337,24.8,25.83678533351735
sizkorea_f153,F,158.1,45.3,51.0,53.995225148400266,33.9,34.17913305117428,24.7,26.592128275998675
sizkorea_f156,F,158.8,59.5,50.7,55.56556099714966,36.1,35.66423561214054,30.6,29.491513620079274
sizkorea_f169,F,157.0,70.3,62.7,60.57478644457738,39.7,37.85027984054206,33.8,33.075147179372394
sizkorea_f178,F,156.1,65.8,56.4,59.82184098233227,38.8,37.594634488970044,35.0,30.853918500963925
sizkorea_f187,F,154.3,50.4,56.7,53.789215355269874,34.5,33.86891822430889,26.5,26.824156176920383
sizkorea_f193,F,158.9,49.1,52.2,51.69652652925512,33.1,34.17913305117428,26.7,26.895158406031012
sizkorea_f194,F,170.4,54.0,50.4,51.13851080846397,33.5,33.05735333742382,27.5,25.945789043951454
sizkorea_f199,F,161.4,46.7,50.0,52.55657788228698,32.6,33.658683647118565,24.5,26.057965308726242
sizkorea_f203,F,160.3,59.6,57.5,56.54066789329761,35.8,36.01367514756788,29.4,29.35949614593796
sizkorea_f220,F,164.6,56.5,54.8,54.627254230745855,34.7,35.016202937771006,27.2,28.234082101121665
sizkorea_f221,F,161.2,48.6,52.8,52.246447523921674,34.2,33.40813136348331,26.0,25.87197703659052
sizkorea_f223,F,158.7,71.9,52.2,59.955961160291814,36.5,38.383650882789624,31.0,34.04828132143373
sizkorea_f226,F,162.9,54.7,49.3,52.714769503603584,32.5,32.61849144508976,27.0,26.591591712799026
sizkorea_f233,F,155.0,61.8,52.4,58.644005520877414,37.7,36.4356032327517,29.5,29.325149870821374
sizkorea_f234,F,152.2,47.0,52.0,54.00730785848309,33.0,34.17947221776812,25.2,26.84271761774126
sizkorea_f241,F,152.1,57.3,55.5,55.60937519475423,35.4,35.91029887039651,31.0,29.307148237847876
sizkorea_f246,F,159.6,59.9,56.8,55.929806151599145,34.4,36.33205939822091,28.3,29.179116764102595
sizkorea_f251,F,164.4,49.0,52.8,52.14711983151323,34.4,34.220165022378694,25.4,25.636548734725487
sizkorea_f259,F,161.0,71.8,62.5,60.372455655047894,36.3,38.0810836687046,32.6,32.926126464848366
sizkorea_f265,F,159.8,65.5,64.0,57.912335621047895,38.6,38.2646672914605,32.1,30.940943690468043
sizkorea_f268,F,157.6,53.5,56.7,53.74300420883517,35.0,34.12865789344152,28.7,27.067841416522405
sizkorea_f269,F,162.5,52.4,53.2,50.500295070850484,34.6,32.362794090294784,27.4,25.316172653064132
sizkorea_f274,F,169.6,53.7,52.2,50.55558258301941,34.3,33.069666602067656,23.7,26.03517311013236
sizkorea_f275,F,148.6,74.7,62.9,62.673857907164084,42.9,40.100260016665004,36.9,35.47589224319764
sizkorea_f282,F,163.9,60.3,55.5,58.60387383284371,35.0,36.04025136715765,27.3,29.855524201399167
sizkorea_f285,F,164.6,63.0,58.5,61.03774989890749,37.8,37.01094151758219,28.9,30.46478298444791
sizkorea_f292,F,167.5,62.4,53.8,60.08066169169756,36.0,35.29971345149208,29.0,30.432770291861058
sizkorea_f293,F,154.8,57.5,56.4,57.716157897741795,36.0,35.89615437166109,29.5,29.10424516819368
sizkorea_f301,F,155.6,55.9,54.5,52.79193971806099,36.2,34.67619389981228,29.6,27.97368694031255
sizkorea_f312,F,158.2,51.4,53.5,53.74300420883517,35.2,33.937026458522716,25.5,26.041252088340258
sizkorea_f313,F,172.6,63.5,59.6,56.529865154488924,33.3,35.18664898198026,27.7,29.090230096079477
sizkorea_f317,F,156.0,55.1,54.6,53.78243703013119,34.1,34.592726565033175,27.2,28.46984719321478
sizkorea_f319,F,163.7,55.7,49.8,51.48947431001782,31.8,34.09670050181168,25.7,27.536090286755822
sizkorea_f342,F,155.1,56.9,55.0,55.569632870924984,36.8,36.000040371201166,30.2,29.425004715250147
sizkorea_f343,F,162.5,62.8,57.6,59.39793076034548,36.7,36.19579144883874,30.7,29.296079864002223
sizkorea_f345,F,169.7,60.0,56.8,54.42747342945739,34.0,34.19258139708863,27.5,29.364143320575973
sizkorea_f346,F,165.2,56.9,56.0,55.04646302984758,35.3,35.00460445750012,28.0,27.753095164295882
sizkorea_f349,F,166.5,58.5,53.8,58.438339835647845,36.5,35.217347257936844,29.8,28.360224350535294
sizkorea_f352,F,160.2,58.9,54.3,57.34180886540645,36.5,35.43983366694321,30.0,28.7206368333803
sizkorea_f354,F,153.8,79.5,63.3,62.569001274449825,39.5,41.11534395303058,36.5,35.36049779605799
sizkorea_f355,F,167.8,53.0,53.0,52.581505532583385,33.8,33.57731589880768,25.0,25.493437402569878
sizkorea_f357,F,164.2,55.1,56.0,51.591248688317975,35.1,32.845419502606475,27.9,26.652040399703683
sizkorea_f364,F,161.7,59.5,55.4,56.79940933445735,35.7,35.77763460059292,29.5,28.59447987649471
sizkorea_f365,F,158.7,63.0,57.8,55.554524309994505,37.2,36.93002462359465,30.9,29.912161736848358
sizkorea_f368,F,155.0,50.9,55.1,53.58539664376105,33.8,34.04176776981023,27.7,26.70867453801744
sizkorea_f369,F,165.5,55.0,52.8,54.152323769134526,34.4,33.657877628218586,27.2,26.919425916011853
sizkorea_f374,F,160.9,54.1,53.5,52.00678996753092,32.7,33.19605642483346,26.5,27.278657839101346
sizkorea_f376,F,166.1,70.1,57.8,60.18324780909405,36.8,38.45253838398481,32.3,33.280086786303414
sizkorea_f385,F,160.5,64.7,59.0,60.0159052933795,37.5,37.46228564169201,30.4,30.990111482431697
sizkorea_f394,F,162.9,57.6,57.0,54.29906833445404,35.3,34.2788037680885,26.7,28.063422955798856
sizkorea_f396,F,159.1,53.6,51.8,51.848755135402584,34.8,33.31917322893571,27.4,26.34522957353452
sizkorea_f398,F,155.4,52.1,53.6,53.995225148400266,33.2,34.171886358220604,27.7,26.877399082795908
sizkorea_f405,F,158.2,54.5,57.4,53.646627999407016,33.5,33.95631728515804,27.8,27.858277724582404
sizkorea_f408,F,163.1,56.3,51.0,52.067930250341284,33.3,34.229738330863164,29.0,27.179725485284035
sizkorea_m012,M,177.9,78.4,60.9,59.464489765486306,39.5,40.277959160530514,32.4,33.25631640619946
sizkorea_m018,M,174.6,68.7,58.1,53.428609462045074,37.7,36.376775586227026,30.3,29.86073317745884
sizkorea_m019,M,165.9,65.4,50.1,55.35923803859384,35.0,37.813689390178084,30.8,30.684361280984007
sizkorea_m021,M,169.3,56.4,45.8,47.48246526764522,33.9,33.495934923217895,26.7,27.555044404125027
sizkorea_m023,M,172.8,56.3,47.0,47.681523168458504,34.8,34.61416923362135,26.9,27.542217437224558
sizkorea_m025,M,165.8,85.5,65.7,60.23890614891219,42.1,38.60209576223306,36.2,34.8775265114837
sizkorea_m034,M,165.0,73.1,59.2,58.98116803555285,39.0,36.8031095698504,35.3,33.06768834172692
sizkorea_m035,M,166.0,46.6,46.0,48.68415159543856,33.2,33.75014135297177,23.5,25.978488441814775
sizkorea_m036,M,166.2,53.6,48.0,47.68752174183762,33.9,33.201687347242135,26.0,25.38658073302085
sizkorea_m043,M,180.9,57.3,50.0,48.04924890272121,33.0,34.187007683779115,26.3,26.7073511036812
sizkorea_m044,M,170.0,58.1,50.2,47.37786507153804,36.0,34.133821800139614,29.2,27.67962326003632
sizkorea_m046,M,160.4,69.6,58.2,55.94315306790922,38.4,36.33792465055116,32.9,32.131254748235534
sizkorea_m050,M,165.7,59.7,53.7,53.18628279692404,35.9,35.81067208526129,31.7,29.19767053186572
sizkorea_m057,M,169.0,75.0,57.9,58.9871440405869,39.5,38.97047646222156,34.3,35.040098646895515
sizkorea_m058,M,174.5,75.0,58.0,57.023460257278735,40.6,39.93957532674773,33.0,32.45609848353815
sizkorea_m060,M,169.0,65.2,57.0,50.94269108106604,38.4,34.65662239359273,30.6,30.926987844580488
sizkorea_m064,M,165.7,64.1,54.8,54.93092588615874,37.8,35.84807031025276,30.5,30.64268304849638
sizkorea_m071,M,172.7,67.3,56.3,52.747762868404614,37.5,35.681942052695,32.6,29.692770595726632
sizkorea_m072,M,164.3,66.2,55.1,53.760931981863905,38.7,35.71647676016987,31.1,31.813875783121276
sizkorea_m076,M,164.6,69.2,58.0,57.895063697417065,37.0,37.39291409155808,33.5,33.439377637553584
sizkorea_m077,M,174.1,56.9,47.4,48.09281088388065,34.1,34.02165187693397,26.4,26.72854467679439
sizkorea_m083,M,169.7,64.5,52.3,51.15080936700091,35.5,35.05798423343879,32.3,30.2298884762193
sizkorea_m084,M,173.3,62.2,52.6,50.33189270385611,34.0,35.16881994644935,30.8,28.12389596719495
sizkorea_m086,M,176.7,55.8,47.0,47.183880355023305,35.9,33.73280995092986,25.9,26.02382831067412
sizkorea_m088,M,163.1,74.0,59.1,58.44866337499608,37.0,37.44752658828059,35.4,34.26446650951868
sizkorea_m090,M,178.5,85.6,61.3,59.36583980417497,41.0,39.95077202015969,34.5,32.784410988588974
sizkorea_m093,M,170.6,63.6,48.4,51.22356454049294,34.0,34.35045307677015,31.5,29.26530374792169
sizkorea_m094,M,168.1,68.4,55.7,55.40205766449701,37.5,36.15883028927673,30.5,31.56275506085075
sizkorea_m095,M,172.8,65.8,50.5,53.08316078429227,35.9,36.35219665288471,28.1,31.212282186782492
sizkorea_m099,M,175.6,53.4,47.5,47.18276753576303,33.3,33.5425467637633,26.4,25.024741454295874
sizkorea_m116,M,172.6,73.8,58.3,55.974295681583726,37.9,37.08954399678359,31.9,32.60004536713047
sizkorea_m119,M,165.6,68.4,59.8,55.81260460752571,37.1,37.40589488035713,34.7,31.44746871061603
sizkorea_m120,M,165.2,76.4,58.2,63.488416459434696,35.8,40.83543283166081,33.6,35.38041896528266
sizkorea_m133,M,175.4,76.8,58.6,59.156528535044565,39.8,40.085702474382146,31.2,33.18541830283233
sizkorea_m138,M,168.4,58.8,52.4,50.71921770819108,32.4,34.84409000146645,29.8,27.435853702556674
sizkorea_m143,M,169.5,55.7,45.9,47.81681335584512,35.4,33.79816904295193,26.3,26.99336691850384
sizkorea_m149,M,173.6,57.6,47.3,50.074605231833736,34.7,34.00987334539211,26.3,27.241191380110028
sizkorea_m151,M,172.9,71.7,53.9,56.41860937811151,37.5,37.30697865097747,32.2,32.00560231340878
sizkorea_m156,M,172.2,66.0,52.5,50.518819462770544,35.1,36.87362422406075,31.2,29.582167968089497
sizkorea_m158,M,177.9,77.8,56.0,59.36583980417497,39.8,39.95077202015969,32.0,32.784410988588974
sizkorea_m160,M,166.0,60.7,52.6,50.64127706838318,36.1,35.52075804289441,28.2,29.973483978762086
sizkorea_m163,M,170.9,54.5,46.7,46.30934480336693,32.2,33.155606698285894,25.0,26.596866911413596
sizkorea_m164,M,166.7,72.9,56.2,57.995166826971065,37.5,37.38084286350112,32.3,33.81574232437779
sizkorea_m168,M,176.2,67.5,53.0,52.964574641342544,34.8,36.37399869329254,29.9,29.74160594869557
sizkorea_m170,M,174.8,70.2,53.0,55.22864816397945,36.3,37.548493557265786,32.0,30.78675457308203
sizkorea_m173,M,172.3,62.6,51.5,51.151163445246446,33.3,34.69838077849165,29.0,29.11209369171851
sizkorea_m176,M,171.2,76.5,61.5,57.52005879737573,37.9,39.98581125201235,35.7,34.477891685935376
sizkorea_m178,M,168.5,59.5,52.1,50.780910671828316,34.1,35.03795052154768,29.5,28.936262376119377
sizkorea_m181,M,165.4,60.5,52.0,54.19675859238239,36.2,35.66379555521585,28.6,29.77677524317458
sizkorea_m184,M,167.7,68.8,57.0,56.17266917343545,37.4,35.660042208133035,33.4,32.25907136741443
sizkorea_m187,M,165.0,57.6,53.9,49.86225906526691,34.7,34.29901258366072,28.0,27.460945445573362
sizkorea_m189,M,179.5,66.4,54.0,51.0642454380764,36.0,36.33853302562708,30.1,28.936464587790987
sizkorea_m195,M,158.0,60.2,53.4,50.54064162903969,36.3,35.341110123534285,28.8,28.734294290884442
sizkorea_m211,M,178.9,68.1,53.6,52.964574641342544,35.4,36.37399869329254,27.1,29.74160594869557
sizkorea_m215,M,175.1,69.0,56.0,53.69666246123207,34.8,36.46502726540263,30.8,30.422988863304173
sizkorea_m216,M,177.0,85.1,61.2,58.882243993062616,41.4,39.704770597399,33.3,32.80438827001026
sizkorea_m221,M,170.5,58.6,48.6,48.807611636119475,33.0,34.25887080153433,28.0,28.504715807445116
sizkorea_m225,M,168.5,71.2,60.1,59.03758846287825,36.1,37.922397690259174,32.4,33.21450391340321
sizkorea_m226,M,163.5,77.1,57.3,61.81392680455307,38.1,40.0224855724978,35.1,35.32087779173811
sizkorea_m231,M,168.3,62.1,54.1,52.07284070034755,36.0,34.921131295142494,28.9,30.355104534384378
sizkorea_m242,M,167.6,74.0,56.3,58.15789074618365,33.3,38.04832883461214,33.6,33.38524006109542
sizkorea_m265,M,168.2,60.1,51.2,52.11643525785362,35.6,34.79730727230603,30.8,28.6419872485616
sizkorea_m270,M,175.1,68.4,52.8,53.870463993048766,36.2,36.68769563972475,30.3,29.6762159776692
sizkorea_m272,M,179.0,73.1,53.4,55.50250329180326,37.7,36.63432129216678,31.1,31.6184829403507
sizkorea_m279,M,168.7,63.7,57.0,52.54969081127593,35.4,33.96031136932073,29.3,29.19929097643064
sizkorea_m284,M,164.3,62.6,53.5,54.867984060156495,35.6,35.74170563677914,31.1,29.84698059866004
sizkorea_m288,M,167.4,74.6,56.7,60.40180657666012,35.6,37.366594829757055,32.6,34.90474541748855
sizkorea_m290,M,174.6,61.4,49.7,50.939157604897,35.2,34.12702815191329,28.1,28.096048771373827
sizkorea_m292,M,177.8,64.8,50.6,52.74082166866042,35.0,35.61238612883798,29.1,29.511931888327386
sizkorea_m295,M,177.8,74.8,56.2,59.36583980417497,38.5,39.95077202015969,30.1,32.784410988588974
sizkorea_m300,M,170.4,56.9,47.1,48.33038774661768,33.6,33.84947745121841,26.9,27.734010459379558
sizkorea_m302,M,167.3,88.5,66.3,60.553306790364964,40.0,38.42553045066747,36.1,35.43929238919677
sizkorea_m309,M,165.5,57.1,50.7,50.92161896017681,32.4,35.18401917008002,27.6,28.542248082745946
sizkorea_m336,M,164.7,62.5,56.5,53.55849384630163,35.3,35.69829600090936,30.3,30.078700513842257
sizkorea_m346,M,171.1,83.4,54.6,60.79572374506973,39.0,39.657228346482135,34.4,35.32030854959929
sizkorea_m356,M,179.3,81.7,60.5,59.36583980417497,38.4,39.95077202015969,35.3,32.784410988588974
sizkorea_m360,M,172.8,105.6,64.1,58.83334373909258,44.5,40.1346984226646,37.2,33.023315233888674
sizkorea_m369,M,174.3,63.8,52.1,51.30213849131923,33.6,35.09708565450498,29.4,28.235791257611247
sizkorea_m385,M,160.4,57.2,48.7,49.46924830140437,35.9,34.40425621592258,27.9,28.439200201388754
sizkorea_m404,M,174.7,83.7,60.2,59.156528535044565,41.2,40.085702474382146,33.6,33.18541830283233
sizkorea_m406,M,162.3,74.4,54.3,58.02313776738481,36.9,36.554113743605306,31.9,33.95622933851261
sizkorea_m412,M,176.8,77.6,58.2,59.36583980417497,40.5,39.95077202015969,33.1,32.784410988588974
sizkorea_m417,M,154.7,59.0,48.7,50.341894428842195,33.5,34.83870859220037,26.8,29.311206170465443
sizkorea_m419,M,171.4,68.7,48.7,55.05507160231738,36.9,36.04049916395827,29.2,31.865120346255395
sizkorea_m424,M,167.3,65.5,50.2,54.207331594726256,32.4,37.27137393235126,31.4,30.695715375794826
sizkorea_m454,M,159.9,54.0,48.4,47.3140644459843,33.2,33.01162607200661,28.0,25.60488712702683
sizkorea_m456,M,161.8,54.6,44.4,47.82546238682257,30.8,32.32542445583747,26.2,26.196957963137855
sizkorea_m460,M,175.2,65.6,48.0,52.712526600969326,35.6,35.33728285307215,27.6,29.511931888327386
sizkorea_m463,M,162.1,46.9,39.5,47.28410109605794,30.5,32.44525631776175,25.0,25.482635935334283
sizkorea_m465,M,159.5,66.7,49.8,55.19744553663915,34.8,37.16339349019303,29.1,31.376703340311867
sizkorea_m468,M,168.8,80.9,63.7,60.36224582662174,39.6,38.99616382744764,35.9,34.68618340160761
sizkorea_m470,M,170.5,56.0,47.6,46.3274909057044,32.9,34.04937983232258,28.5,27.191677794830223
sizkorea_m472,M,177.2,73.9,53.3,55.633154662754606,37.0,36.63432129216678,29.5,31.58499461766094
sizkorea_m476,M,165.4,65.9,53.4,55.810805236436735,35.5,36.448075427850654,30.2,31.791813097168703
sizkorea_m481,M,159.9,64.3,53.3,52.87783974031399,35.8,36.6220643944548,28.8,30.386957779493006
sizkorea_m497,M,157.4,63.9,54.0,53.252586224686915,35.0,35.89697178546241,29.9,30.11442760808347
