subject_id,gender,height,weight,actual_chest,pred_chest,actual_waist,pred_waist,actual_hip,pred_hip,actual_thigh,pred_thigh,actual_calf,pred_calf,actual_arm,pred_arm,actual_shoulder,pred_shoulder,actual_thigh_length,pred_thigh_length,actual_calf_length,pred_calf_length,actual_torso_length,pred_torso_length,actual_leg_length,pred_leg_length,actual_neck_length,pred_neck_length
F010,F,165.6,52.3,86.1,78.71638110253463,65.7,63.82187555472486,92.2,88.4992384807034,54.3,51.846324784511275,34.5,34.79940284539207,27.1,24.925517534255224,36.4,34.46998319764585,33.3,33.17128938730688,43.0,40.94328610585375,42.2,42.890528103073564,76.3,73.9473867874389,7.700000000000003,5.319664247414927
F017,F,165.2,74.1,105.0,98.06042051003539,90.4,85.12246381245691,98.3,101.37889271415077,58.1,61.00160906895925,39.5,35.92051837730098,32.5,33.94429329645942,37.8,37.575816787072874,28.799999999999997,30.54817423469301,41.0,39.82906043551111,44.5,43.7026494605449,69.8,70.92031188944678,8.199999999999989,9.895231210186063
F020,F,150.3,58.5,92.7,90.55779778852671,80.3,79.74157626343217,97.4,94.03348942478289,57.2,54.80658880240032,34.4,35.24802227895761,28.9,29.525190202816905,35.7,34.82278773538979,25.299999999999997,26.483439773371174,35.2,35.37068049067472,39.0,37.559342350619765,60.5,62.8896821518386,9.0,8.302371805461206
F031,F,161.1,59.0,90.6,88.87415695342311,75.6,70.35242275782258,95.5,95.43690425866895,54.8,57.47740096065196,34.4,35.48177466668284,26.1,29.777510434290893,35.8,35.32119661536456,32.3,30.728954309992904,36.400000000000006,38.49570977636789,42.599999999999994,41.16288400492303,68.7,69.00184181367577,9.59999999999998,8.842128738238394
F041,F,152.9,51.3,83.7,83.24763380398079,66.0,68.62773609123033,94.6,89.49802868875749,54.3,54.13261476784294,35.0,33.99035253336523,26.7,26.01834574140779,33.9,33.844407766656296,27.200000000000003,29.98975620754822,35.8,35.242556012653445,39.80000000000001,38.473779730658556,63.0,65.08224880531029,8.699999999999989,6.844732216914067
F043,F,151.1,49.8,84.3,83.76989121886,68.9,66.22992481968286,88.0,90.83987910404956,53.2,53.733057757146256,34.3,33.55083877863082,26.8,26.03046850175358,33.5,33.22777692100618,27.4,28.690925572883707,35.9,34.697349721245246,37.599999999999994,39.600575129444564,63.3,63.326948748073924,7.099999999999994,6.401356110874532
F051,F,165.9,64.5,87.7,88.79673319655787,76.6,77.13279058182334,100.0,98.49734218344538,57.6,56.777884892526586,35.0,34.589945139814446,30.6,28.98295949386568,35.2,37.27817817731765,30.299999999999997,32.29826199480855,40.7,38.62575875973689,45.3,43.122226792192,71.0,70.10298990846717,8.5,11.029379582948154
F057,F,156.1,65.0,90.0,92.51521376626964,78.4,78.3312760036074,105.4,98.9341759138184,63.5,61.04932947941215,38.5,37.24628839845974,30.4,30.43998257754773,35.4,34.51955509085373,28.300000000000004,27.37807245739477,33.9,38.20281712622927,46.5,40.5958753290811,62.2,65.77909328088116,7.0,9.952745033392377
F061,F,163.5,60.2,88.8,86.93661259642914,73.7,71.7669661049054,97.0,95.9434362345481,56.0,55.91559161921072,34.8,35.815427699680484,29.8,27.952239863702232,37.6,35.74461776738813,31.799999999999997,31.886919265934477,40.599999999999994,38.08395306066918,41.400000000000006,42.192629707741844,72.39999999999999,69.83890864718873,8.100000000000009,9.11862703201171
F063,F,159.8,54.5,85.6,83.71631388857881,71.7,73.03278588119453,93.0,93.6084040525291,56.7,51.157602830892564,33.0,32.61837691181463,28.0,26.325331242636707,37.2,34.675453833609694,30.499999999999993,30.157824842363507,36.9,39.692751221659535,42.3,43.14892431854877,67.39999999999999,70.21071840285245,8.800000000000026,7.526512648629649
F071,F,164.0,90.1,103.3,107.16457453551894,89.7,100.93661364033456,109.2,104.76296948413238,70.0,61.989701050386174,44.0,39.57239132175026,38.0,34.592088633287034,35.4,36.79774260017989,29.60000000000001,28.730790909171475,39.3,38.08254492651761,43.8,42.01466844048795,68.9,66.3253216442612,10.399999999999991,10.219809231947814
F072,F,151.4,55.2,89.7,88.8535274823085,75.0,73.64413254945414,93.6,93.47498738132676,54.0,53.67104189371,33.0,34.20389046869331,29.2,28.401052814640533,36.8,34.701791995715574,25.1,27.521416355635505,36.1,36.47012561957118,41.10000000000001,37.393542698946575,61.2,63.64036678548459,6.799999999999997,8.105628274649728
F073,F,157.79999999999998,59.7,80.1,90.25866341879032,71.0,74.3074799478828,96.0,94.47059016510066,59.8,56.09699249591169,36.8,35.63823067341967,28.0,29.27384839949385,35.4,35.037327084729,31.699999999999996,28.808692761755783,37.4,36.503322361158325,44.0,39.073196143492915,69.1,64.9455959140609,7.200000000000003,7.86949385041547
F075,F,157.6,76.3,105.3,101.99329319943489,89.1,96.05270517019245,104.4,101.72575575377911,63.9,62.69000705056939,39.5,37.4652531016748,33.3,33.72940674038898,37.9,34.374229915804825,29.39999999999999,29.046606403927637,37.7,36.274168947532935,43.0,39.68610276603193,67.1,65.54568832629153,9.499999999999986,9.467247239770238
F090,F,151.7,49.6,85.0,82.80754124938748,66.8,65.79921683755278,90.0,87.4136741070616,53.0,51.57912866149345,33.5,34.145744567014745,26.0,26.44434433325653,32.3,33.84765035175275,30.0,28.10451437964164,34.0,37.311098753291844,41.8,38.743296350993276,64.0,64.42916045309565,5.3999999999999915,7.594011059711982
F093,F,169.39999999999998,60.1,83.6,85.76826153190969,69.4,71.25369986420273,96.5,95.16045101052772,55.2,55.66764611159712,36.8,33.44306834795946,27.0,28.388287818302192,37.4,35.797974060280886,33.7,32.94140081513643,40.900000000000006,39.94018383943007,44.0,43.00336158529428,74.60000000000001,73.16451955783276,7.3999999999999915,8.991828606663972
F098,F,164.0,46.7,76.0,81.24360683754837,59.5,66.20554304306238,86.5,88.128998105574,50.0,50.74853141714376,31.9,33.59216302413149,25.0,25.179096492134427,36.5,32.624871420481995,34.0,33.49506275363073,37.3,42.01187154382792,43.099999999999994,39.70823581316709,71.3,75.18174401893543,5.599999999999994,7.289400454787407
F099,F,154.7,71.4,101.5,102.8677725366929,94.4,94.10807568573837,105.0,98.553022968657,61.8,57.9837978705955,38.5,37.55514295049873,34.0,32.01368289966138,35.0,34.866875933761165,29.299999999999997,28.245120275435795,36.2,36.080359226754446,40.599999999999994,38.29744850218181,65.5,63.579958494829064,7.399999999999977,10.716398149585926
F103,F,159.0,76.6,101.0,103.31627031995616,90.5,92.66965908027655,105.5,103.2961594975412,65.2,62.31688855504072,37.2,39.01572118191818,34.0,34.47733276442904,37.4,36.55012075514709,27.800000000000004,29.011182416240427,36.9,36.534894560951436,37.599999999999994,43.53990963656848,64.7,65.90389772021024,8.0,9.697555229427172
F111,F,158.4,59.3,88.5,86.02045462695375,74.4,72.9935099836256,95.9,95.14435386404647,57.4,55.02825527683536,34.3,35.37869937574926,29.8,29.03926514471408,37.4,34.977945139080376,28.900000000000006,28.185302152830623,36.8,36.61723678214958,41.900000000000006,42.15504698511437,65.7,65.58700359735006,9.500000000000014,8.237998437654262
F115,F,157.9,56.8,89.1,80.9572836394411,69.2,68.28804012923257,95.0,94.7811964801954,54.0,55.51075418614858,36.5,35.08903170478282,29.3,28.225263080558303,32.7,33.614936636231214,29.099999999999994,29.263485234705623,36.2,36.34281469082119,44.2,42.47242108813714,65.3,65.67292844350214,6.299999999999997,7.335361224901657
F117,F,164.60000000000002,83.1,110.8,105.95659084564961,98.5,95.13040207944124,102.2,107.89645396058796,58.1,67.25950101805623,38.8,41.61095066363333,34.2,36.75268180323057,41.1,36.78917792865195,28.500000000000007,28.734316790508124,38.699999999999996,39.51941002936382,42.10000000000001,42.4933099024965,67.2,67.8227549732791,10.800000000000011,10.13592531704931
F120,F,157.89999999999998,52.5,87.6,79.09064878344824,68.0,62.7338847094787,88.6,89.8785488369658,51.4,53.41438123824949,33.0,34.17263809977075,27.7,27.044873903655265,35.9,34.7499704020472,32.1,30.59758703671056,37.6,38.31746453220375,40.3,41.19554731550047,69.7,68.04784155321185,5.699999999999989,7.26076769145972
F123,F,157.7,65.9,94.7,90.67008925064785,83.5,82.32040956382026,100.3,98.4367251333351,61.9,59.95090732793569,36.5,36.92178295186165,31.1,29.429824924345002,33.8,35.926056351568434,31.700000000000003,29.796543325764652,34.5,37.384405332766356,44.39999999999999,43.145444034413075,66.2,65.83277329451215,8.399999999999991,9.144019540841354
F125,F,162.0,59.3,92.1,89.35878662520217,68.0,71.25853517333674,97.1,94.46074906309579,58.9,55.46697963475018,35.2,36.062065378716845,30.0,29.24582186054878,33.9,36.39645821155358,31.699999999999996,30.521732800627003,38.300000000000004,38.63764575379111,41.900000000000006,43.07661362271506,70.0,69.28104906953523,8.09999999999998,7.379708246468828
F128,F,165.3,60.8,82.8,87.68144409174309,73.5,75.50481367163889,96.7,96.81626321038871,54.0,55.65274479469565,32.3,35.38329096871099,29.5,28.152668526530906,36.4,36.88244311319616,30.9,30.55192629774355,37.6,40.285248040816455,45.39999999999999,43.404886846554575,68.5,71.37641977880179,9.399999999999991,7.381227556217581
F145,F,156.0,62.9,95.6,92.75971041380059,77.0,76.63262254004292,100.6,97.93694705819513,60.7,58.759622949888225,36.2,37.409302543863625,30.0,30.31685505852442,36.6,34.32523511204768,29.5,27.780327362486837,37.7,37.81179486686415,41.099999999999994,40.387513743615415,67.2,64.92573953734029,9.400000000000006,7.424633722835395
F148,F,159.8,49.8,85.0,80.42289614921184,67.0,66.13385522151796,89.3,86.55866777088275,50.5,49.965257548791435,32.5,32.77019783540751,24.8,25.439199313641513,33.0,35.54725665991873,32.00000000000001,30.947610890507693,39.9,37.797047137026546,42.2,42.4501886227173,71.9,68.71062606278903,6.200000000000003,8.335921911488597
F153,F,156.1,45.3,78.5,81.67872564300562,66.2,66.19330923396063,85.3,90.18102659046153,51.0,51.530041132220376,33.9,33.95198442071927,24.7,25.824992362067096,31.3,33.662110632762015,29.4,31.43715994885021,38.6,36.085891728527194,41.89999999999999,41.37008792697312,68.0,67.33745736701604,6.1000000000000085,7.620276703698234
F156,F,155.3,59.5,95.2,91.30506469982967,79.3,74.4626682687877,92.4,94.60124194571578,50.7,57.48475786026806,36.1,36.30467302047038,30.6,29.416578493581916,35.1,34.16927229179493,28.6,29.532142524534002,33.9,34.713938577396576,40.2,41.51522212296019,62.5,65.15278080415453,7.799999999999997,8.36374575981808
F169,F,153.0,70.3,100.2,102.02426888425175,86.8,91.74240301705328,104.0,102.91544061232013,62.7,58.86061958878991,39.7,38.045595832077026,33.8,32.741543505810135,32.9,34.675566685406785,29.099999999999994,25.917082596663864,36.0,35.70417301706819,38.8,36.90124346012194,65.1,62.865584994317636,9.5,9.893442979757149
F178,F,151.79999999999998,65.8,93.5,95.82274922254238,83.4,88.09907856455973,96.0,102.17394800834774,56.4,59.79685532864182,38.8,36.80141997680217,35.0,31.27617765244386,36.4,34.56666796582254,25.200000000000003,27.49289806688143,36.2,35.283602470875735,38.099999999999994,38.959344703139045,61.400000000000006,61.7330331036158,12.0,8.439068915648164
F187,F,150.8,50.4,86.4,84.0940517655764,65.9,68.65820840263822,91.7,88.5263475763712,56.7,53.34182372556549,34.5,33.96375301174283,26.5,26.81475020742812,32.2,33.74783243587795,28.1,28.61468171933714,35.1,35.242556012653445,41.8,38.473779730658556,63.2,63.91137066022807,7.099999999999994,7.114041143757835
F193,F,155.0,49.1,79.5,81.97011411558977,65.3,65.24980931885047,86.4,90.0898948502127,52.2,53.20644561343658,33.1,33.81736894294641,26.7,25.54784396661066,34.6,33.002525110527635,29.499999999999993,31.55525009526345,37.1,35.186731324029935,43.099999999999994,41.39581402270402,66.6,66.07902598782606,6.0,7.7315284232140655
F194,F,167.4,54.0,82.8,80.69485816933262,71.0,67.00234017852735,91.8,92.58269806447055,50.4,54.163505713683854,33.5,34.59381972457314,27.5,25.45193783230235,36.4,34.700274400534795,32.800000000000004,32.95397835685609,40.4,41.25797165070509,43.0,40.79940116962918,73.2,75.02253739127606,8.099999999999994,8.069287703260006
F199,F,157.9,46.7,78.4,82.12681576700588,65.9,67.37358839370324,89.5,87.14711132271329,50.0,49.074949067073355,32.6,32.94118919193134,24.5,25.345895625513535,33.9,33.81706680807934,30.200000000000003,31.7641312065392,38.2,37.865681170830314,40.2,41.023392304621105,68.4,68.43331279469895,8.599999999999994,7.213686382539228
F203,F,155.0,59.6,92.2,93.86773271143443,79.4,78.79834165338718,94.0,93.65089963435427,57.5,53.83524467834043,35.8,35.87695343486397,29.4,30.029524494226013,33.3,34.965738138137155,30.799999999999997,28.59239987864095,35.400000000000006,34.198814281368264,40.8,42.107886244744165,66.2,63.05135019798052,9.899999999999977,7.711822134078037
F220,F,159.6,56.5,83.0,83.53196135485484,69.9,71.02113215603504,94.8,94.77554700437632,54.8,54.167051716844185,34.7,34.1242098054023,27.2,28.28639373923057,32.1,34.168244385799625,28.700000000000003,29.89382517056587,38.2,36.484290866208994,47.0,43.19319601104942,66.9,65.75467012736273,5.400000000000006,7.233029963246585
F221,F,155.7,48.6,82.0,79.76290874127591,67.0,64.47595023534794,89.6,87.25405265268628,52.8,51.93611719767611,34.2,33.40430096452914,26.0,25.20060307995315,34.8,32.84081677038528,32.5,30.10004515050503,36.5,35.978363544468294,41.8,41.937107097820686,69.0,66.63706243758685,7.900000000000006,6.98878219778878
F223,F,154.2,71.9,109.5,102.54921684652639,101.2,93.09641648737733,95.8,103.29486123083608,52.2,61.66477624622997,36.5,38.25744657960542,31.0,33.879638065588914,36.3,33.537310457968886,26.299999999999997,27.085342488187067,37.3,37.31619034963017,37.60000000000001,37.500726954680744,63.599999999999994,64.40211299145219,11.099999999999994,8.933526825718737
F226,F,160.6,54.7,87.0,83.14406980622715,77.5,70.62447917424292,92.6,91.30548614310486,49.3,53.81560546040091,32.5,32.54228849296389,27.0,26.471084656860686,33.3,36.08601561799369,30.200000000000003,29.82199270767062,40.0,39.657766364329866,44.2,39.82599837735696,70.2,69.72271242266916,8.999999999999986,8.898595009526868
F233,F,152.3,61.8,100.5,92.59284586215458,84.2,81.78286144882969,91.2,98.80653684195612,52.4,56.820668412896694,37.7,35.35157767520323,29.5,29.53439319653691,34.6,34.94377279582244,26.700000000000003,26.62566686938327,41.099999999999994,35.11753133263818,39.5,38.41728631789226,67.8,61.56957269691666,6.900000000000006,8.610539279472206
F234,F,146.2,47.0,79.6,84.0940517655764,62.8,68.65820840263822,91.0,88.5263475763712,52.0,53.34182372556549,33.0,33.96375301174283,25.2,26.81475020742812,33.0,33.74783243587795,29.400000000000006,28.61468171933714,34.3,35.242556012653445,37.5,38.473779730658556,63.7,63.91137066022807,5.200000000000003,7.114041143757835
F241,F,147.6,57.3,91.6,88.41242091475938,83.8,75.79313417418129,92.5,94.64013953123117,55.5,55.479697247936734,35.4,35.746319830552345,31.0,29.302697263354037,30.8,33.8103753998584,27.4,25.772494968995,34.9,36.17555945186776,36.3,37.52749715710894,62.3,61.69246881473407,8.700000000000003,8.298514054698456
F246,F,154.79999999999998,59.9,92.3,90.87254215806892,75.5,80.18008281136372,98.4,94.20560869717188,56.8,56.44809908954817,34.4,37.16497775257196,28.3,30.10005379309083,35.8,34.52945058909272,27.799999999999997,31.051666549260112,34.0,35.27647851729365,41.3,41.211617945095696,61.8,66.11881857441738,7.099999999999994,7.494487376285299
F251,F,161.70000000000002,49.0,80.5,81.0646649746871,63.0,63.36544518599732,87.5,86.50779666408157,52.8,49.975167368604716,34.4,32.91859491825475,25.4,25.003889151225735,33.1,35.390731265853,31.4,31.619363771546674,39.4,39.0938191909774,43.400000000000006,41.567779692837874,70.8,70.62524398089644,6.90000000000002,7.403118164999543
F259,F,155.0,71.8,106.6,102.8677725366929,94.1,93.90607590575723,100.7,98.43867224402793,62.5,57.9837978705955,36.3,37.540640972534,32.6,32.04414943204396,32.4,35.5219533170075,26.799999999999997,28.68277175000146,37.7,35.9059985118519,39.7,39.58543428940347,64.5,63.90103662232856,9.799999999999997,10.755451101409884
F265,F,155.3,65.5,91.0,95.69956162984587,78.8,84.7786976186254,100.8,100.12913641204165,64.0,58.485282275522984,38.6,36.90396762268028,32.1,30.450107894538064,35.2,35.8244867077086,29.099999999999994,27.09837780899382,37.5,34.83829010289264,41.0,42.91174996014858,66.6,62.83178073023714,7.200000000000003,8.904173426354026
F268,F,154.6,53.5,82.5,86.25580650298573,67.5,66.17696651386176,94.3,91.21778998295187,56.7,54.85122618536429,35.0,34.17622711305124,28.7,27.071109781036775,31.6,35.92662013072996,29.0,28.834043536275573,36.0,35.321785335730716,39.5,39.30220232072993,65.0,64.93427166974239,7.400000000000006,6.74244703296613
F269,F,159.5,52.4,79.8,86.33876105014816,60.6,70.26972924134698,88.9,88.88404339502084,53.2,51.17155568821799,34.6,32.395546207494604,27.4,26.977911880559244,36.4,35.58031624010316,30.4,31.46561874940214,37.6,38.42668407312345,43.2,39.13483787206952,68.0,69.84988110738658,5.300000000000011,8.522755932295198
F274,F,165.6,53.7,78.0,83.54039644538221,69.5,71.6656002150256,91.5,91.36443606876566,52.2,52.99704518040379,34.3,34.62136814082368,23.7,26.918636575073005,33.5,36.41784489270922,32.900000000000006,31.985436637135752,42.8,40.88014903819049,41.599999999999994,42.04838797631358,75.7,73.0428183008209,5.0,8.750280915648464
F275,F,144.1,74.7,102.5,105.80197004842138,95.0,94.76885949867041,106.2,99.70285833799629,62.9,58.83761742384976,42.9,38.60311319557431,36.9,33.81669642378231,35.1,35.55304926826335,24.700000000000003,27.004863992534833,33.0,37.47833916240741,34.7,38.82119142187604,57.7,63.89999177479604,12.900000000000006,9.53944363106751
F282,F,160.9,60.3,89.0,88.8864050920908,74.3,74.78117084045041,94.0,96.36438980229282,55.5,55.97324058459057,35.0,35.64791623623882,27.3,29.265568070761493,37.0,36.84270750230908,28.300000000000004,31.09602987960648,39.9,37.261449541107424,40.5,42.773432467467536,68.2,67.66922090363728,11.200000000000003,8.98896775775112
F285,F,162.6,63.0,94.0,89.1289357592866,76.6,75.95268354902424,96.7,99.51735618225554,58.5,58.164084186522686,37.8,35.77175138687113,28.9,29.287561750779393,36.8,35.68168756842819,32.599999999999994,29.913375010613805,39.0,38.11110982289916,43.2,41.856088198017055,71.6,68.61776252863412,6.800000000000011,9.449012303407635
F292,F,163.3,62.4,91.3,89.20365509224094,72.7,74.49723956702822,98.3,97.03169082100816,53.8,57.87785296303086,36.0,36.93136707923223,29.0,30.321123061059232,35.0,36.03581039784739,29.4,30.227221919720684,36.9,41.43905501373419,46.599999999999994,41.371173630447025,66.3,71.85890497376053,6.500000000000028,7.603647125876932
F293,F,151.5,57.5,88.3,90.24514915088564,75.8,82.46652423503444,93.4,95.63609405738296,56.4,55.571790955177015,36.0,35.10139452546251,29.5,29.675954196016363,34.8,34.582337438919694,26.0,26.746449902465482,37.7,35.66759725271253,37.099999999999994,38.23903266666266,63.7,62.38881583946807,9.0,8.525021531925775
F301,F,153.6,55.9,87.6,87.47217680275229,71.9,72.41146303759791,90.9,95.56287205605054,54.5,54.36339479655914,36.2,34.79601736773471,29.6,27.767367578293,30.4,34.282881469098726,28.6,27.612286445911703,39.4,36.24577910789902,39.599999999999994,37.24091511635155,68.0,64.41117958332153,4.199999999999989,8.125229472493453
F312,F,153.2,51.4,84.5,83.64385008852153,67.0,66.06365747811508,87.6,92.83086511992205,53.5,54.57060029467158,35.2,34.90558307216009,25.5,26.613453911856993,34.5,34.28928060152827,30.299999999999997,29.569256004642988,34.8,36.32488497441077,38.5,39.43736751203287,65.1,65.66253601604431,6.1000000000000085,6.9167200199558
F313,F,169.6,63.5,88.7,87.47187960892597,76.5,74.69841612017319,99.4,99.38155441011418,59.6,58.40160610234825,33.3,35.11853573047149,27.7,28.601501606099283,34.7,36.93477208957879,32.00000000000001,31.69551862093158,39.9,42.34672349521276,43.099999999999994,45.42003563252911,71.9,74.03975438473798,11.300000000000011,8.278227204897433
F317,F,153.0,55.1,88.0,85.95063938314841,73.0,72.95651356746023,94.7,94.59064042573009,54.6,54.47120215413232,34.1,34.65829069178491,27.2,29.352547015660527,35.5,34.38075155969522,29.099999999999994,27.07463163273763,36.5,37.68596920448001,37.3,40.587456355478054,65.6,64.88001667021425,7.6000000000000085,6.243286626310166
F319,F,161.7,55.7,88.2,86.13053368890948,72.3,67.32146038328531,90.5,91.13243142802115,49.8,54.26401182950541,31.8,35.99906416528329,25.7,27.248769625125277,33.6,33.57667212638055,29.4,31.396049450727148,43.4,39.47719526011963,39.0,42.85521519269693,72.8,70.3432421756489,7.799999999999983,6.939380843267102
F342,F,150.6,56.9,89.5,89.90575346318097,74.2,75.3527114578411,94.0,93.75447444987319,55.0,55.79603095974161,36.8,35.37345230638069,30.2,29.85851726172658,33.0,31.95875932562279,25.700000000000003,25.909872814936794,34.7,35.973546025131995,36.900000000000006,38.1509455518255,60.400000000000006,62.3221015178853,8.600000000000009,7.856406352638589
F343,F,157.7,62.8,91.9,89.10490898558699,79.2,74.7030599253038,94.6,97.57506706032092,57.6,59.85400507705039,36.7,36.74254538567361,30.7,28.915645954091225,34.6,36.2035061697056,27.700000000000003,30.232919619840953,39.7,38.6734036862354,36.30000000000001,42.47899345965674,67.4,67.78899589195832,8.09999999999998,8.595764935363484
F345,F,164.89999999999998,60.0,88.0,85.60399195645091,71.0,70.90367985577936,94.4,96.61820225111076,56.8,55.366905268404224,34.0,33.73375374938911,27.5,29.469268638721744,35.0,36.316427040137164,33.400000000000006,31.885238121814037,36.2,38.89023122774528,42.599999999999994,44.98240091064497,69.60000000000001,70.7887017304477,7.700000000000003,7.93313658814675
F346,F,157.89999999999998,56.9,77.8,87.5693928166255,66.0,70.5554675538542,94.9,94.43871273044219,56.0,54.777484197257145,35.3,35.819084815546475,28.0,28.95005360383234,33.1,32.85067002787927,29.900000000000006,29.203208450590573,35.2,37.163579004460814,42.7,43.31341751643825,65.10000000000001,67.08098904617493,6.59999999999998,6.960135825155263
F349,F,164.5,58.5,86.4,86.55486598917858,69.6,69.76276546654431,92.6,95.06988128921849,53.8,55.490741485526065,36.5,33.20941138474977,29.8,27.453867194784674,33.4,36.24137570770332,31.799999999999997,33.293897958459326,42.2,38.48819151609621,41.599999999999994,41.89702737926718,74.0,71.47532566390258,6.1000000000000085,7.047274448416506
F352,F,156.7,58.9,92.8,87.0850453841097,75.0,75.02427385738446,92.1,93.55922205813275,54.3,55.647291997076145,36.5,35.5102361203034,30.0,28.363813035129233,33.4,35.533434707919795,28.699999999999996,29.612268093900486,38.1,36.61034868233748,37.5,38.87379502880694,66.8,65.16529785571446,8.900000000000006,9.096349543199928
F354,F,149.8,79.5,108.5,106.596442170367,101.3,99.8523838621746,112.0,103.34609447959285,63.3,62.33636374686784,39.5,41.15400524261842,36.5,36.05244389366895,34.4,35.7060175963524,26.599999999999994,25.98672691781632,34.7,37.6966690837407,33.099999999999994,38.153752858282694,61.3,63.02937084293787,12.199999999999989,10.995162354472596
F355,F,163.8,53.0,79.8,80.48551526904389,69.2,64.38012411261639,92.0,90.12618639935411,53.0,52.67653975677499,33.8,33.67264719463911,25.0,26.300492362052857,34.1,36.10917483196077,34.8,32.69458800379936,41.8,38.158854203834785,34.599999999999994,43.41993966898493,76.6,71.09004992851163,9.200000000000017,4.878762704570406
F357,F,161.2,55.1,81.5,86.64181198892666,67.9,70.21599280204012,89.6,92.1893465207392,56.0,51.56219516048251,35.1,32.824268577145396,27.9,26.55242479645913,35.0,34.69930196800627,30.200000000000003,31.523791368231755,39.3,39.78622309030465,40.3,41.10388539120832,69.5,70.13713211373572,9.299999999999997,8.641177320774455
F364,F,158.7,59.5,85.5,86.98403924587679,73.7,73.422730248622,95.4,95.95711283668791,55.4,56.131722791752004,35.7,35.09474945308818,29.5,29.42707793458259,34.6,36.05333025547987,27.700000000000003,29.09450017202285,36.5,37.634367112612075,43.400000000000006,42.37489660315434,64.2,66.43340349785774,8.0,8.661884388002864
F365,F,154.2,63.0,90.9,96.8506035883726,78.4,82.84060550699002,100.0,98.57671846479693,57.8,56.78629045394315,37.2,36.8355093352899,30.9,29.83889219229197,34.6,35.62254318512582,28.800000000000004,29.141607660149052,35.9,37.83489298434723,36.5,39.011505507088735,64.7,65.59255099218542,8.400000000000006,7.24064341699842
F368,F,150.3,50.9,81.7,83.99083867156924,66.8,66.34781746378644,89.5,91.21104472988249,55.1,54.43810822166583,33.8,34.05095388361159,27.7,26.187836340214623,34.5,34.218575341219626,28.599999999999994,28.62254141957249,33.5,34.697349721245246,38.0,39.16367492717009,62.099999999999994,63.15810009963307,7.3999999999999915,7.488057385497797
F369,F,161.5,55.0,84.4,84.13236465167623,65.9,69.95088639735442,92.7,90.72796033286401,52.8,53.228474768753806,34.4,33.51492522916081,27.2,26.535275243215434,34.7,35.43240336150624,32.7,29.937200374514266,38.2,40.002310731126386,40.099999999999994,40.62429174221455,70.9,70.75854885868608,9.399999999999991,8.349672841832593
F374,F,155.4,54.1,82.5,84.33898322819732,68.6,72.69661151132671,94.8,91.49001567050284,53.5,54.34389956274867,32.7,34.377637009351,26.5,28.63227746602805,34.5,35.942867373561675,28.89999999999999,29.718733624805623,34.7,36.06807870058707,41.3,39.72176608635891,63.599999999999994,65.55516008928039,8.399999999999991,7.947717376638818
F376,F,162.6,70.1,97.0,102.23759894494471,83.5,79.4235777489867,98.5,99.78250802582069,57.8,61.2890474567623,36.8,37.73304121730481,32.3,32.99365989079719,38.1,37.09212726821366,30.799999999999997,30.173190978815615,38.3,38.685360330000634,37.8,42.47626901531342,69.1,69.69191343985277,12.799999999999997,7.855617413487221
F385,F,156.2,64.7,93.7,91.08430694817348,78.6,78.6442638956227,99.1,102.5886260043794,59.0,63.14944672886268,37.5,38.03739336790892,30.4,30.47372630348229,34.0,35.42790047153536,26.9,28.640167131469344,38.1,35.93204792401808,38.400000000000006,44.85607937565309,65.0,65.0584204410388,11.199999999999974,7.198309479956574
F394,F,159.9,57.6,83.6,84.73533379076594,70.6,69.69867965806077,95.5,95.39035214087792,57.0,57.29137321462605,35.3,35.08233701106264,26.7,28.15031254485258,36.9,35.17855077969349,30.799999999999997,29.881482901368358,37.7,38.00009780870833,40.0,42.733261217562315,68.5,68.6321848961977,8.100000000000009,7.761499782272702
F396,F,156.29999999999998,53.6,84.3,82.17388012270416,71.4,68.63133365701292,88.2,91.95776906303537,51.8,53.46619415639178,34.8,34.05738309876205,27.4,26.62572729070904,34.2,33.5330912448063,27.799999999999997,29.381866070951,37.2,37.34481313061046,36.900000000000006,41.18976903577705,65.0,66.03573252110652,10.199999999999989,6.72601814208111
F398,F,151.4,52.1,88.4,83.71835540032066,71.0,65.07219521828745,89.6,91.0574926133764,53.6,55.37744410638012,33.2,34.3553205802183,27.7,28.679230967726845,35.5,34.554137102986104,29.0,27.725690289156688,36.8,34.408803318702816,35.89999999999999,38.67315870076003,65.8,62.16487746123474,9.0,6.564722403927805
F408,F,159.4,56.3,85.3,85.1996958702009,71.0,73.08902069465259,95.2,94.16094064542233,51.0,52.135224687674985,33.3,34.43326501708667,29.0,27.94397064322086,34.5,32.57347281249396,30.799999999999997,28.997061438699056,38.8,38.445065489711425,43.2,44.06705013067676,69.6,66.49096432926238,8.100000000000009,7.167951011430978
M012,M,173.9,78.4,92.3,95.09462601048534,82.1,81.01618033086926,100.4,98.21315073426241,60.9,58.84116633110638,39.5,40.30847547886241,32.4,33.23908034655459,38.6,40.81772477065422,26.999999999999993,31.20538586741382,44.1,42.04963846546468,50.2,44.23944744126214,71.1,73.59121639977582,8.199999999999989,12.162821081257855
M018,M,171.6,68.7,84.1,92.63851420667542,79.7,77.00165858531284,95.8,90.65511309119847,58.1,52.34447661699752,37.7,35.89597688900125,30.3,30.257391540980496,39.4,39.762587270980525,27.5,32.63065393976602,42.7,42.542600296173674,46.5,43.96967152604736,70.2,75.80467904104582,8.300000000000011,10.637729703852079
M019,M,160.4,65.4,91.1,89.80507822419874,82.2,81.00222129091927,90.6,90.36908606647243,50.1,53.19605096838994,35.0,36.18766069994329,30.8,30.831189120277887,38.9,37.15509794831272,31.900000000000006,28.451380165342027,35.0,39.95577685938483,42.7,42.835677492436794,66.9,67.88152190816703,8.100000000000009,9.048241360442917
M021,M,164.8,56.4,85.6,81.9495909153739,82.7,69.33199610918899,87.3,84.8502944092434,45.8,47.409443589525395,33.9,34.620531149866814,26.7,27.066890172164637,37.6,36.83904020562052,31.699999999999996,28.630084443443128,38.1,43.09800917956758,45.89999999999999,44.291625199596325,69.8,71.98440473674911,5.5,6.3907946533823115
M023,M,168.5,56.3,83.0,84.20852512118556,70.1,71.59136573432122,86.6,84.95909384557297,47.0,45.7831645634249,34.8,33.78772548087932,26.9,27.175116838632132,37.1,37.43031394120863,31.099999999999994,32.6056756458124,43.400000000000006,42.475916888907626,44.5,43.155732659376675,74.5,75.06965593115997,8.199999999999974,8.361335622946335
M025,M,163.3,85.5,98.3,105.52377710589133,98.2,101.7315539466963,104.6,103.74014068559748,65.7,63.01841348569597,42.1,40.39301134740718,36.2,36.150565413270684,40.4,40.479471788788125,26.699999999999996,27.054643799049327,39.4,39.59724844070084,42.69999999999999,40.020335089488135,66.1,66.48364259371581,8.200000000000017,9.183082380973975
M034,M,162.0,73.1,94.5,95.01574437890012,84.0,93.59129752343627,97.5,95.03494435464127,59.2,55.265605248493046,39.0,36.99898925700699,35.3,32.591499273855156,43.4,41.027705440895126,25.599999999999994,31.565150644954173,41.5,38.85865742335363,40.10000000000001,41.47682034304653,67.1,70.0576878800951,6.799999999999983,9.521937461531909
M036,M,161.7,53.6,85.2,82.10929347964759,71.0,71.88599117615314,84.7,85.51809537677312,48.0,48.511203908256164,33.9,33.259992393088865,26.0,25.8964477798764,38.3,37.904867072630886,26.299999999999997,30.558030450640608,39.5,38.92280319183378,44.400000000000006,39.61137281699065,65.8,70.09658179693619,5.499999999999986,9.815157150188142
M043,M,178.20000000000002,57.3,80.6,82.62734911688135,68.9,67.77054205951978,85.0,87.17709509346815,50.0,48.30937164150276,33.0,34.894787578476304,26.3,26.406520741263268,39.5,40.19471160304991,35.39999999999999,32.378016242012514,45.0,43.69963108443201,44.3,45.692045305141335,80.39999999999999,76.48665930266903,7.700000000000017,6.636905987378232
M044,M,166.5,58.1,83.8,82.57808017489508,71.5,68.2207224932135,88.0,86.67175420749045,50.2,48.588051786191016,36.0,33.53411782259207,29.2,28.13519093651537,39.2,38.85641791783786,29.799999999999997,31.85025900247983,40.5,39.51438271866677,40.8,43.99469472090472,70.3,71.76995518732251,9.500000000000014,7.48715535948523
M046,M,156.6,69.6,95.6,96.93207839739868,87.5,86.85773110780744,97.6,93.17766523608087,58.2,54.54388717428178,38.4,36.21606909730941,32.9,32.255738247351466,37.4,36.45367871042747,26.400000000000006,26.522895803707694,37.2,37.412636000612665,39.5,41.93600068895763,63.60000000000001,64.30492198607203,9.700000000000017,9.348887502722583
M050,M,161.39999999999998,59.7,87.6,85.75955489786973,74.1,71.94604722207421,89.1,87.91074915243257,53.7,53.110486887856545,35.9,35.49998408613741,31.7,28.803958015749973,39.6,38.13490469048985,26.800000000000004,31.60350307212732,38.300000000000004,37.65813661581849,43.7,42.8680207642584,65.10000000000001,69.30228557152992,6.799999999999997,8.655723198160235
M057,M,166.3,75.0,97.0,105.57940186967214,80.3,89.99786829017594,98.0,97.74454834926064,57.9,58.81004399140203,39.5,40.43310523479295,34.3,34.536846640053525,40.7,40.576317580256436,32.4,27.662720254558,37.9,41.86906718077454,45.10000000000001,43.53854010618438,70.3,68.80994480600019,8.40000000000002,7.105263841949522
M058,M,169.7,75.0,95.2,95.74432999881087,83.9,81.60263084546543,97.5,95.08908606334946,58.0,56.89914374608132,40.6,39.15342094540393,33.0,30.33811483853116,39.7,40.152205857027596,27.9,31.543024212893112,40.6,42.49741850990693,45.80000000000001,45.67163754570895,68.5,72.48567431345765,8.299999999999969,7.705112368365787
M060,M,164.8,65.2,88.7,91.64688939613502,78.0,81.51180722177484,94.0,88.63151759818312,57.0,50.565335674093994,38.4,34.8493903372467,30.6,30.1617242126708,39.9,39.5695955966851,28.799999999999997,31.629043790143637,42.0,38.97377799298916,45.400000000000006,44.604997011306416,70.8,69.35222056868477,6.90000000000002,6.134153156436038
M064,M,163.39999999999998,64.1,86.0,91.37321039848193,78.9,78.48932272844893,91.4,88.91154800302016,54.8,51.70649383619846,37.8,36.05559732046499,30.5,29.774348058396924,39.4,40.26276752616818,28.699999999999996,31.24660199811607,41.800000000000004,39.99072425553756,40.69999999999999,44.29221346313044,70.5,70.50575171552778,7.200000000000003,5.074055405209913
M071,M,169.7,67.3,90.5,92.5465443552869,73.3,76.79636817169755,92.2,91.45059937530924,56.3,53.59953251756091,37.5,35.392094684524906,32.6,29.460463997089978,40.9,40.133566957615606,26.10000000000001,31.253294816661803,42.8,41.66874138360224,45.900000000000006,43.43833032214919,68.9,72.52348037254225,7.0,9.732527322507881
M072,M,159.8,66.2,88.8,92.68692390230025,83.5,82.42769846590555,92.6,92.58272083531612,55.1,54.287494976795145,38.7,34.9789162506103,31.1,31.63717445895132,37.3,37.215508936014125,30.500000000000007,29.212121047416552,38.4,36.459985179057696,43.60000000000001,43.66968842931201,68.9,66.8743308783664,7.5,7.6316799173915095
M076,M,159.6,69.2,93.5,96.72111902697382,82.8,80.62737793672265,97.5,94.02142881764091,58.0,57.120282595169805,37.0,37.60409343062912,33.5,33.42488321409272,36.3,39.74604455935472,29.500000000000007,29.232623756711988,35.4,37.102162539291,44.5,39.74968463534091,64.9,65.2400857567569,7.699999999999989,9.586454506032705
M077,M,171.1,56.9,83.8,81.66905599590963,71.0,67.88172078385159,86.4,85.5779840522841,47.4,47.46438028210632,34.1,34.52762539543371,26.4,26.45231974282261,38.4,37.806891602762605,29.199999999999996,32.52323298445284,45.1,41.58778750619811,47.000000000000014,46.49506388890575,74.3,73.08298914117474,6.5,7.532389618312441
M083,M,166.2,64.5,89.3,88.94190086263441,73.2,79.23818166267215,90.0,88.44768539645507,52.3,49.8787059423846,35.5,34.81864522470436,32.3,29.906542315326327,41.3,40.42403533524013,30.700000000000003,31.306570722497487,42.7,39.58556571679974,44.7,43.484222053564636,73.4,69.77105349655524,6.200000000000003,9.829676501768414
M084,M,169.5,62.2,89.4,84.34588795908911,70.7,75.46445811304594,91.0,88.44201618580014,52.6,52.109369664463415,34.0,35.37447848040391,30.8,28.142956573376377,40.4,38.45964272340279,31.000000000000007,33.056770573463666,42.6,43.074219600234855,43.7,43.30626393549656,73.60000000000001,75.51240864233593,7.599999999999994,7.387184506167624
M086,M,174.0,55.8,85.9,81.83360626037334,61.7,69.56543421441066,85.3,84.60756372898464,47.0,46.82811166927143,35.9,32.96290890787246,25.9,26.53125929948238,41.1,37.97967947451017,32.60000000000001,33.91483401386008,45.099999999999994,44.864872085897375,44.79999999999998,43.898853451126975,77.7,77.5647175831917,6.500000000000014,8.294438948198383
M088,M,159.7,74.0,98.6,94.82495774011447,89.0,88.38849351260824,97.4,97.50858723217151,59.1,58.432321442191785,37.0,37.55504256263171,35.4,34.41281569406853,42.0,39.161651326913656,29.19999999999999,28.137710220887833,39.0,37.695746123761324,39.400000000000006,41.67180439590539,68.19999999999999,66.4716340707763,9.099999999999994,7.69719069037407
M090,M,174.0,85.6,99.2,95.66309567928725,91.0,87.03701582552961,99.0,101.44056809819602,61.3,61.03930525317689,41.0,40.5676261700312,34.5,33.68067063599747,43.3,40.097397354534365,31.200000000000003,30.042894154502218,43.3,42.680146488418565,38.7,45.08796644057619,74.5,72.82096816740184,12.299999999999983,11.368236161494849
M093,M,165.2,63.6,91.1,85.63584483767663,81.0,76.01605394058204,87.5,90.86583887734294,48.4,54.413042297102145,34.0,34.28800180084094,31.5,30.088513648782506,40.6,37.775614338208825,30.5,29.677049251001872,41.5,40.76588220042124,44.900000000000006,44.37886888660142,72.0,69.70032659691442,6.0,8.791255711728143
M094,M,163.79999999999998,68.4,95.2,95.33065718665844,82.9,77.69381766210897,92.8,91.16774988633632,55.7,57.03032766844631,37.5,35.64701681197175,30.5,33.72545549698602,36.6,39.10864706748923,29.800000000000004,28.67269241160998,40.300000000000004,41.80358367501136,44.599999999999994,42.46939913836596,70.10000000000001,71.03969723920974,1.8999999999999915,6.082301807587943
M095,M,170.0,65.8,91.8,90.92919811206912,81.2,76.67179591340704,87.0,90.75189931189232,50.5,50.57919906136644,35.9,35.14466957054155,28.1,29.795219534066245,41.4,40.21677772178346,29.400000000000006,30.751880837605018,42.7,41.32428031806662,45.3,43.61858295891198,72.10000000000001,72.03542174666212,7.299999999999997,11.878968945059393
M099,M,171.1,53.4,81.3,83.19464439304757,61.3,68.31094692138775,85.0,85.49526883026435,47.5,47.149460376191094,33.3,34.580901033438415,26.4,25.502196363441456,39.8,38.48829406162977,31.900000000000006,30.984390459449095,39.5,44.89227541059198,45.5,44.72173874847182,71.4,75.90845540701491,8.500000000000014,7.21426901331492
M116,M,169.4,73.8,95.5,93.90245118221631,85.8,86.34144095425944,95.8,96.73237208154298,58.3,54.98815610033407,37.9,37.85690216689364,31.9,32.97643872951395,41.4,40.825144291403106,30.500000000000007,30.341243603465266,45.199999999999996,41.54516597093299,43.0,45.00374889074443,75.7,72.63297451025272,6.90000000000002,9.937679735906919
M119,M,162.79999999999998,68.4,98.1,93.34335478639231,73.1,81.32817985690457,92.0,91.53274687070032,59.8,55.39449490310077,37.1,37.01010747350122,34.7,31.052712350189733,41.6,38.635151697318335,29.39999999999999,30.030519170835472,42.400000000000006,38.82703781745901,42.900000000000006,44.04558447916008,71.8,68.17514762563265,3.1999999999999744,5.713514539261883
M120,M,162.39999999999998,76.4,97.4,100.83552570640515,99.8,86.58016888305028,97.6,96.88365811197973,58.2,61.68406274310554,35.8,38.906983471870255,33.6,35.834718458548046,38.2,41.85549447964613,33.00000000000001,28.364644632170123,37.1,41.15175641682892,42.89999999999999,39.82374316490082,70.10000000000001,69.27217862173612,8.299999999999983,7.413384523219442
M133,M,171.4,76.8,88.9,96.96210189292803,83.5,86.53898545824933,95.5,95.5890475628996,58.6,56.79461486681346,39.8,38.78925286518904,31.2,32.39512885354812,42.1,38.681213479444224,34.400000000000006,28.80697161435605,42.0,42.63560053053999,43.3,45.94307609616875,76.4,71.73152245618935,9.600000000000009,10.521515304896985
M138,M,164.9,58.8,85.6,85.49556257337004,70.7,72.99140987544311,85.5,86.65046326567438,52.4,49.10423967787869,32.4,34.22732066428614,29.8,27.912200984244784,41.4,39.13823609417635,33.300000000000004,31.579004809642914,39.4,39.53358606138076,41.900000000000006,43.69175580719486,72.7,70.98912484025186,5.400000000000006,6.31158523397513
M143,M,165.5,55.7,84.2,84.12700739864772,72.6,74.41073556934569,83.8,85.9635858428936,45.9,47.355186485219484,35.4,33.75003475278135,26.3,26.451555626362907,35.6,38.16450302896974,27.700000000000003,30.69881135978842,44.7,43.09886945552242,44.8,42.11397535946192,72.4,74.18495965442602,6.400000000000006,7.057953618555244
M149,M,168.6,57.6,79.5,82.83230706180385,70.3,70.19485773034222,86.7,87.29116823633487,47.3,50.26615215365272,34.7,34.442773837595894,26.3,27.494932429777002,37.7,39.427932082122084,31.699999999999996,33.17251215380765,42.9,42.652888890345345,43.30000000000001,42.745560504255785,74.6,75.56391645221711,6.599999999999994,8.128015924952457
M151,M,169.4,71.7,93.7,94.72267361263827,83.2,85.74165811451218,93.1,95.32272342010317,53.9,57.08189467565746,37.5,36.51237134830785,32.2,31.36400733012963,39.7,40.82990957057078,32.3,28.773993226225645,40.7,43.75376435990797,44.099999999999994,42.589633805027766,73.0,73.6561259485581,10.900000000000006,9.466106172910914
M156,M,169.2,66.0,87.4,90.35749077353121,78.5,78.05333333962642,89.5,89.03813516294741,52.5,51.0667624028438,35.1,35.4249782015429,31.2,29.809351687594738,38.4,41.515983500732325,33.4,30.825884048150773,40.6,43.30338637903472,44.599999999999994,44.7653255456626,74.0,72.03130214080369,8.100000000000009,7.806458465352794
M160,M,161.7,60.7,87.0,88.9091295770584,77.1,74.51807592272284,89.7,86.94383754866834,52.6,52.726130842660616,36.1,35.660728585734866,28.2,30.14630857193192,39.5,37.460295022524534,31.099999999999994,26.927576113921628,37.900000000000006,41.82189579729312,40.7,44.31879349263418,69.0,68.17343802862945,9.999999999999986,7.222585953444277
M164,M,161.2,72.9,95.0,96.37706220435852,91.5,86.94887924046547,92.5,96.25317478671757,56.2,57.966235934877474,37.5,37.96353442648345,32.3,34.519312729161726,41.6,41.895165864727815,31.199999999999996,27.551545896598547,36.1,39.36899966438422,40.60000000000001,39.86196629452318,67.3,67.4087496386076,8.699999999999989,8.076652945677523
M168,M,170.2,67.5,93.0,91.02892141591985,74.4,74.98541724676112,92.5,92.18115042370766,53.0,54.63941067875291,34.8,37.068799830873,29.9,30.80921402484084,40.3,40.361947502423945,32.6,27.4973556214488,40.6,42.28491135772676,43.5,45.63912712110157,73.2,70.76932807218155,11.800000000000011,7.1477452439768285
M170,M,172.10000000000002,70.2,93.6,92.4399950369563,78.2,80.81043599543376,90.8,96.93400893284523,53.0,56.6252714477934,36.3,36.53443610988603,32.0,30.968950060239102,40.7,39.831420959235686,29.200000000000003,32.82975580064605,43.3,41.79048539014399,43.8,44.86754890007364,72.5,74.65939603064196,9.700000000000017,11.060629869972916
M173,M,169.0,62.6,86.1,87.28060869163292,78.5,74.23094200256507,89.3,88.69456646584136,51.5,49.79354287828242,33.3,34.081109381232096,29.0,30.153511256962407,37.3,38.73108499497798,33.300000000000004,32.44472599030235,42.300000000000004,41.50071394236457,44.79999999999998,43.41972289216123,75.60000000000001,74.57010250331867,6.499999999999986,9.00916727153419
M176,M,168.7,76.5,97.8,98.4151352961835,76.9,89.85621097666186,96.5,95.20699232611713,61.5,53.83367421544518,37.9,38.57244587691366,35.7,32.660301172104,39.9,39.66738135966046,29.800000000000004,30.354590769136983,44.4,39.99969466168657,43.900000000000006,45.08545825398397,74.2,70.9417114522321,8.900000000000006,9.126408017019507
M178,M,164.7,59.5,84.0,85.30181544484948,68.3,73.86342036748924,87.0,86.00412232836554,52.1,52.64286580956907,34.1,34.48315859221851,29.5,30.72326691006771,39.7,37.68605659586891,31.299999999999997,30.282397360425882,41.5,39.809330755583304,44.60000000000001,43.9478159273138,72.8,69.45121968551993,6.299999999999983,6.548673198987102
M181,M,162.9,60.5,85.0,86.24860174818848,74.2,74.00780983789679,86.9,89.04669857137073,52.0,53.293313558106426,36.2,35.83546602211617,28.6,28.70988997308931,36.9,38.268190901498144,28.500000000000007,30.836364233738454,42.4,38.34666249901329,44.8,42.590943648686434,70.9,67.57517452619722,7.3999999999999915,8.936766378845535
M184,M,163.39999999999998,68.8,103.7,93.42223223804834,76.0,79.03783712135312,89.8,92.19511151016883,57.0,56.959316693503396,37.4,37.16582717487258,33.4,31.322394005060755,42.0,39.201886662626265,31.39999999999999,28.19184149768261,39.400000000000006,40.622360471100414,41.2,42.10293992513955,70.8,68.66421223495689,9.199999999999989,5.922008397617012
M187,M,161.0,57.6,82.8,84.26662913473663,70.1,74.23804589557963,88.4,87.61268102944337,53.9,50.574390999656885,34.7,33.38396922628935,28.0,27.257823135651012,39.5,38.304559597388426,30.700000000000003,28.0076329048269,37.2,38.98129066461471,41.599999999999994,41.70535017398702,67.9,65.94418309806584,6.099999999999994,7.813793945181623
M189,M,173.5,66.4,89.2,88.89341134178181,71.3,75.98171716995614,93.5,91.4483572637494,54.0,51.766439013388855,36.0,35.31356846820416,30.1,29.18422855208498,42.5,40.002172815978085,30.700000000000003,33.76895205314401,42.2,43.14572032585832,43.5,44.58870116299379,72.9,76.24099735344068,10.0,8.697887548004791
M195,M,155.3,60.2,88.7,91.29679785940108,77.8,82.57889531690147,87.5,87.53844017562423,53.4,51.73548206155198,36.3,35.51304487878192,28.8,28.807321041833937,37.7,36.59949478670143,32.7,28.537895552765967,31.099999999999998,36.68832536869111,42.599999999999994,42.13237042609098,63.8,64.55938106147117,5.900000000000006,7.724998532758749
M215,M,172.1,69.0,93.9,91.5940933924735,78.3,76.40091848241661,94.6,92.19385933161406,56.0,54.470263231629254,34.8,36.61613923177738,30.8,31.335385045979173,39.9,40.11262896655402,33.400000000000006,30.351619102712835,42.5,42.65969644050252,43.39999999999999,44.72853134740633,75.9,73.2576116374511,11.100000000000009,10.123678770624451
M216,M,173.0,85.1,96.7,96.34285723459624,91.0,87.48338360260824,101.2,100.24986200528575,61.2,60.459946955594106,41.4,40.22560323610854,33.3,34.17256119714141,40.0,40.83725845533595,30.9,29.746714147137308,41.6,42.97789050669136,46.10000000000001,43.572685703297786,72.5,73.14277856221722,9.799999999999983,11.846143554725474
M221,M,165.9,58.6,82.2,83.44182734426698,71.0,71.97490205420773,87.3,87.2386285754903,48.6,50.497379248559895,33.0,35.44464485312882,28.0,29.630807638259803,40.3,39.19781807487514,32.7,30.6825847982375,37.0,41.73262463245744,42.5,41.55157397229994,69.7,72.47025412293192,8.599999999999994,7.411472059048075
M225,M,164.8,71.2,95.4,99.84971694198337,79.7,90.13343008459516,96.0,95.34428401145519,60.1,55.81919837496454,36.1,37.5561022720576,32.4,32.807785471226644,38.5,40.52010106893794,28.799999999999997,31.419468474248173,39.5,40.76286248696192,40.89999999999999,44.999585407922446,68.3,70.47568742541989,11.200000000000017,7.268763425697449
M226,M,160.5,77.1,102.7,97.86923569954031,87.2,93.22543922644267,96.5,100.98677353029714,57.3,62.52706103983066,38.1,39.844347179680994,35.1,35.17457205179974,41.7,38.31162842967361,27.799999999999997,29.441527265742238,39.2,36.596729903265256,39.89999999999999,40.14175616343855,67.0,66.9976066747913,9.300000000000011,9.133002729960872
M231,M,165.8,62.1,81.5,87.3819861107546,76.4,72.26732802541515,90.3,89.25745324270865,54.1,49.710722831411,36.0,33.71121807774087,28.9,30.641634719588644,38.6,39.03141115127584,28.700000000000003,31.370321184512328,41.3,39.726011890613805,41.2,44.547436219639394,70.0,70.19409926099961,9.400000000000006,8.112700121735985
M242,M,164.6,74.0,93.6,100.33364417938239,87.6,86.95935923285097,94.6,94.89121881152809,56.3,56.80045235714005,33.3,36.193442053257655,33.6,32.84467626922147,42.8,40.004172764242924,29.699999999999996,28.30976715211201,41.9,41.0920254867481,41.900000000000006,43.167406738240324,71.6,69.85781861135362,7.699999999999989,7.979391083212918
M265,M,164.7,60.1,85.5,84.78315352185999,72.8,71.18015877502532,84.3,87.37452718951593,51.2,52.4214266286863,35.6,34.439050189589864,30.8,29.14000908377427,36.4,39.25081218868689,29.299999999999997,31.774573018431457,40.5,39.970545466057494,45.099999999999994,43.855726574240165,69.8,71.28919032827801,8.500000000000014,6.354957807811669
M270,M,171.6,68.4,92.7,87.94979682869332,73.3,77.84916217939055,92.6,93.50960147101276,52.8,55.67753611915643,36.2,36.939716926421255,30.3,30.073031323647353,38.3,40.0709798386144,34.00000000000001,30.15855455744749,42.9,42.442596841386994,44.5,45.1654070775149,76.9,72.09604498909307,8.299999999999983,9.018253098282822
M272,M,175.3,73.1,89.6,93.20028478610229,81.9,81.92784869357527,99.9,94.19158269558189,53.4,56.571812041784845,37.7,37.0183048418617,31.1,32.312788744604255,41.1,40.821350639997576,33.400000000000006,31.65817025841217,43.599999999999994,44.12299333219611,46.80000000000001,43.93614676740868,77.0,74.01147064390763,10.500000000000014,9.753557626255917
M279,M,163.7,63.7,85.3,88.85545109743664,74.6,80.29642838390171,92.4,88.00698474396745,57.0,51.39406810405205,35.4,35.93137007692,29.3,30.158761203200267,36.9,38.78216534919206,31.400000000000006,31.225051429687657,39.3,40.12660573634948,43.5,44.88146324580166,70.7,70.548306415394,10.700000000000003,4.994715024569103
M284,M,160.10000000000002,62.6,89.9,89.26786952593366,76.0,79.82851900171309,88.0,90.01214471343158,53.5,51.042499349811635,35.6,35.16881160121772,31.1,29.849814500896613,34.2,38.59072477265647,27.299999999999997,29.719761922874895,40.099999999999994,38.39482543737461,41.60000000000001,40.494655172573516,67.39999999999999,68.61471657740044,7.900000000000006,8.818439694945631
M288,M,164.70000000000002,74.6,100.3,96.42823290927294,88.0,85.44249928462494,96.4,97.1875335534008,56.7,61.24830477447714,35.6,39.02673661082931,32.6,34.74533361470361,38.7,40.599038318555756,29.400000000000006,30.071571509878886,40.3,39.6127239403404,44.5,44.10275050176503,69.7,69.83700779977876,7.000000000000028,8.402245218798022
M290,M,171.2,61.4,83.3,86.06701892125156,71.9,72.65516449543816,87.4,90.43580109317362,49.7,52.40607425024185,35.2,34.59340092370571,28.1,28.499922701412917,37.8,39.45071367622199,32.899999999999984,31.31949546666397,44.300000000000004,42.663801144204776,43.89999999999999,44.169302988567885,77.19999999999999,73.68186289947687,8.100000000000023,8.266989157085723
M292,M,173.8,64.8,84.8,88.30542973512459,75.2,73.46100403111505,85.5,91.02978865333577,50.6,51.82649929668736,35.0,35.64362488729671,29.1,29.221804217698622,41.9,40.67923581653506,35.3,31.938219802922983,41.7,43.8008458340697,44.900000000000006,43.72841184738158,77.0,75.46370844030221,9.400000000000006,10.674161054863871
M295,M,174.60000000000002,74.8,93.5,93.69688733036028,79.3,81.99131897443961,94.8,96.52871278382904,56.2,58.00232703676558,38.5,39.775068159956014,30.1,32.785378982831915,40.4,40.01216873910087,33.89999999999999,31.695231471942545,42.5,42.48918305576095,43.89999999999999,45.67167392839893,76.39999999999999,73.50844620991307,7.300000000000026,10.678355458258704
M300,M,167.20000000000002,56.9,83.5,82.78173569896795,69.9,71.47408643788756,85.5,87.01037814238816,47.1,48.624473398412476,33.6,34.92285798107483,26.9,27.551373637784323,35.1,37.606613959938244,27.4,30.217026784621243,40.199999999999996,41.498202657877975,46.3,42.77352688724198,67.6,73.0218579719868,8.800000000000011,8.434212533313058
M302,M,164.3,88.5,108.0,101.22284917505209,99.5,97.63890044952241,105.1,103.48512134933142,66.3,63.785206728639565,40.0,40.16336833650865,36.1,35.996259422162346,37.4,38.64131835504873,28.200000000000003,28.12510742816493,38.7,39.340352571983026,41.89999999999999,43.4278861690659,66.9,67.39211479559575,8.299999999999997,8.9158556524318
M309,M,160.8,57.1,82.4,83.57934558052118,74.7,72.15420810118717,88.9,86.29989991180979,50.7,47.96197455411671,32.4,34.24354140124617,27.6,27.073410588124876,35.0,37.20072920336995,26.699999999999996,30.081373802724517,38.699999999999996,37.47912700642812,44.2,43.09237960042862,65.39999999999999,67.49266964605343,7.000000000000014,7.294562019303753
M346,M,169.29999999999998,83.4,102.1,98.33877526929786,97.2,92.46288930824066,100.2,102.98217733154164,54.6,62.00143888539262,39.0,41.75681014561146,34.4,35.233440110563166,42.8,40.40155658853384,27.400000000000006,26.815684288711857,42.5,42.069986759916794,45.2,44.03014000824636,69.9,69.59564375806065,11.199999999999974,10.749521432811015
M356,M,175.5,81.7,95.6,96.66167462606711,83.7,90.02575022262373,98.4,100.64287235835063,60.5,60.689042389894205,38.4,40.68661620641869,35.3,33.26151890986262,40.9,40.81518769756695,31.800000000000004,29.965070144105002,43.6,42.62841325209038,38.3,45.20698814669539,75.4,72.95394805674168,15.899999999999991,9.891571986766444
M360,M,167.3,105.6,113.4,102.18436063569253,116.5,94.42970683539212,109.5,100.64130172316874,64.1,59.00009317315674,44.5,39.87318037727579,37.2,34.18259744990427,40.7,41.65230606927796,24.199999999999996,28.221326443665642,40.6,39.261590072822216,42.5,43.82054654457141,64.8,68.92507302770376,10.099999999999994,10.48471605362979
M369,M,171.3,63.8,88.9,87.90713445377487,76.1,75.88278887516067,91.0,88.02232034071213,52.1,50.42605133465649,33.6,34.6752361065732,29.4,28.504405240473986,37.0,41.032778090549584,30.599999999999994,33.60419776776443,44.2,42.31163695409591,43.499999999999986,44.32261551840895,74.8,76.55781186612217,10.700000000000017,9.082460739298808
M385,M,154.9,57.2,87.1,82.54783728340699,80.3,76.99260568238124,85.4,87.99526461202181,48.7,48.3627425072579,35.9,34.03718393485035,27.9,28.77311142516378,36.6,35.17935467448845,26.60000000000001,28.673587200567166,35.8,34.832559658898425,43.8,42.38926469938364,62.400000000000006,63.16151767851371,7.6000000000000085,5.987864801762889
M404,M,170.2,83.7,101.8,98.179972820648,91.2,91.2559008819,101.2,103.04558921027164,60.2,60.7990794563466,41.2,40.86340015554215,33.6,33.89480658311019,40.1,39.9336225472056,29.099999999999994,28.05196162986249,40.0,42.104514915855624,49.2,44.645092896266554,69.1,69.92733554924777,8.699999999999989,11.807655904226483
M406,M,157.3,74.4,97.3,98.99206230586783,95.1,89.13330987762836,94.1,100.26950383333337,54.3,59.34021109247402,36.9,38.365448903387474,31.9,34.23917660321941,37.6,38.63886174544443,24.5,27.979193698267867,39.2,37.30757516440324,42.3,41.46835074143058,63.7,66.14179118758766,11.499999999999986,8.031940579052078
M412,M,172.8,77.6,95.8,94.56629448827798,83.7,79.23560005303653,99.5,94.86155226253628,58.2,58.534075361899305,40.5,38.42884782030587,33.1,32.25738789571372,39.1,41.01872141655859,30.700000000000003,29.965070144105002,41.3,42.663613916938914,46.69999999999999,44.86875151656147,72.0,73.2611274501892,13.099999999999994,9.82725739404364
M417,M,149.7,59.0,88.2,92.6888933946239,85.7,81.34428447925265,89.6,88.388843483677,48.7,52.992966100876615,33.5,34.731715922326295,26.8,30.26562287815638,34.8,38.19422049414225,25.699999999999996,26.537142134765332,35.9,35.32648871400563,43.099999999999994,38.52623194357259,61.599999999999994,61.252340833273834,5.3999999999999915,7.927619114819675
M419,M,167.4,68.7,93.7,92.91819758008971,84.6,78.01727110308828,87.9,94.21070258993393,48.7,56.95124870134482,36.9,37.38250044600826,29.2,32.59483990208668,40.8,39.253524201062284,26.200000000000003,29.81319771697487,42.5,40.29415406558603,40.900000000000006,43.63636223224818,68.7,70.18371192449581,10.900000000000006,8.179911623301106
M424,M,164.0,65.5,95.3,90.28092989156794,85.6,77.15341297975387,89.5,88.23611446852306,50.2,52.34669754825433,32.4,35.62988454392674,31.4,31.2734636987618,36.7,39.029471108587884,26.900000000000006,31.39666519243367,42.5,40.28935356938821,43.10000000000001,44.69216396670604,69.4,70.14693116200247,7.699999999999974,5.2465547010251
M454,M,156.9,54.0,79.8,83.70693216907956,71.7,74.64092358683656,85.7,86.41279690340679,48.4,46.48919162782257,33.2,32.62274319759044,28.0,27.35148358847145,35.5,37.51240781553453,29.0,26.61286878586175,39.0,38.75929041766304,39.5,40.875059347476345,68.0,64.28548086689658,9.300000000000011,8.564747455101294
M456,M,158.60000000000002,54.6,84.2,82.85729845457944,79.0,75.2739111255374,88.2,85.12854684003787,44.4,46.653911675239016,30.8,32.34468480033201,26.2,27.843418754368102,38.6,37.177202590509864,26.199999999999996,28.28837053633018,40.4,37.215090744868306,43.5,42.608410802359295,66.6,66.44997051174852,8.000000000000028,9.107838271137188
M460,M,171.39999999999998,65.6,92.7,87.90848302743578,81.8,75.88278887516067,92.3,88.0185922575425,48.0,50.93190168468908,35.6,35.536163445449525,27.6,29.06384564255059,41.1,41.42930985510226,29.799999999999997,33.05097597938362,43.0,42.39723505315705,41.3,44.61476860270833,72.8,75.51103676744609,12.899999999999991,8.728991787244722
M463,M,159.5,46.9,81.3,80.65450522256963,74.8,66.49574195842324,82.5,86.70833806412996,39.5,47.34310802059992,30.5,32.89535923129654,25.0,25.074939609169768,36.2,37.144670631195254,28.800000000000004,28.638563061481417,37.6,38.0186381352997,38.7,45.191072600650116,66.4,67.03170568761855,11.100000000000009,6.110873003303346
M465,M,156.4,66.7,93.1,91.81875237274289,89.7,82.24909090446772,91.6,94.1867519535749,49.8,57.44197010377868,34.8,38.58285088441601,29.1,31.938180686261507,35.5,37.00738472930024,24.5,28.863841258470785,38.699999999999996,37.04716123743408,42.599999999999994,42.6650650024214,63.199999999999996,64.55187781096053,6.900000000000006,7.1894873060070275
M468,M,164.3,80.9,100.7,104.83509651496763,98.0,97.44785628183196,102.9,105.7268132998846,63.7,66.0141005213465,39.6,40.87941366070977,35.9,36.633752709033864,37.4,38.60086472726111,27.999999999999993,28.10315445103538,38.6,39.536834180015326,43.599999999999994,42.87597287590568,66.6,67.38372351169787,8.800000000000011,8.760075262408042
M470,M,168.0,56.0,84.3,83.12136849661535,69.7,70.18317319678937,83.2,86.07904956376527,47.6,46.42581691410109,32.9,34.6315209915776,28.5,26.82571383129218,38.2,36.75284867360912,34.3,30.471446358148732,42.2,44.07787262478281,39.099999999999994,44.99784259832647,76.5,74.32816835412504,10.799999999999997,7.791724019272535
M472,M,172.2,73.9,95.2,93.20028478610229,86.3,82.33892849430363,96.2,94.19158269558189,53.3,56.811605298206445,37.0,37.0183048418617,29.5,32.264915443432926,40.2,40.821350639997576,32.699999999999996,31.695231471942545,41.9,44.12299333219611,47.70000000000002,43.93614676740868,74.6,74.72515088069844,9.5,9.739234072596263
M476,M,161.4,65.9,92.4,92.29385776649922,83.6,82.09955951799525,89.8,90.45916670095684,53.4,52.032537331200686,35.5,36.1742286437044,30.2,31.172164791180435,37.5,39.56254089571997,31.099999999999994,31.57172288386106,38.0,36.349916686097245,45.599999999999994,43.44341968938101,69.1,69.60006179698964,8.400000000000006,6.834747251862999
M481,M,154.9,64.3,97.2,89.43454098695051,91.3,82.77033033588619,92.2,92.34516940707925,53.3,54.34845869824208,35.8,36.561563675908616,28.8,31.007275903398018,37.4,36.99130615815476,29.0,27.7588701390072,36.2,37.00030728531259,43.69999999999999,40.93100923972742,65.2,64.9912555284144,6.5,6.813812475547943
M497,M,153.4,63.9,90.3,95.31319231679487,87.0,87.23951541033082,95.6,92.28265475386294,54.0,51.286902634237805,35.0,36.70632173271287,29.9,29.34014687475941,37.5,35.98871283895183,25.300000000000004,28.489955608562415,38.6,37.940423243740156,39.19999999999999,40.04047684531799,63.900000000000006,65.53311983102046,6.400000000000006,6.753356695714557
