subject_id,image_id,model_no,profile_model_no,front_image_name,side_image_name,front_image_path,side_image_path,source_profile,gender,age,height_cm,weight_kg,shoulder_width_cm,chest_circumference_cm,waist_circumference_cm,hip_circumference_cm,crotch_height_cm,knee_height_cm,lateral_malleolus_height_cm,jaw_height_cm,front_neck_height_cm
sizkorea_f010,f010,F010,F010,sizkorea_f010_front.jpg,sizkorea_f010_side.jpg,ml/body_measurement/data/people/sizkorea_f010_front.jpg,ml/body_measurement/data/people/sizkorea_f010_side.jpg,ml/body_measurement/data/raw_test_data/F010_profile.csv,F,33,167.1,52.3,36.4,86.1,65.7,92.2,77.8,44.5,,,
sizkorea_f017,f017,F017,F017,sizkorea_f017_front.jpg,sizkorea_f017_side.jpg,ml/body_measurement/data/people/sizkorea_f017_front.jpg,ml/body_measurement/data/people/sizkorea_f017_side.jpg,ml/body_measurement/data/raw_test_data/F017_profile.csv,F,44,167.6,74.1,37.8,105.0,90.4,98.3,72.2,43.4,,,
sizkorea_f020,f020,F020,F020,sizkorea_f020_front.jpg,sizkorea_f020_side.jpg,ml/body_measurement/data/people/sizkorea_f020_front.jpg,ml/body_measurement/data/people/sizkorea_f020_side.jpg,ml/body_measurement/data/raw_test_data/F020_profile.csv,F,63,153.3,58.5,35.7,92.7,80.3,97.4,63.5,38.2,,,
sizkorea_f031,f031,F031,F031,sizkorea_f031_front.jpg,sizkorea_f031_side.jpg,ml/body_measurement/data/people/sizkorea_f031_front.jpg,ml/body_measurement/data/people/sizkorea_f031_side.jpg,ml/body_measurement/data/raw_test_data/F031_profile.csv,F,39,167.4,59.0,35.8,90.6,75.6,95.5,75.0,42.7,,,
sizkorea_f041,f041,F041,F041,sizkorea_f041_front.jpg,sizkorea_f041_side.jpg,ml/body_measurement/data/people/sizkorea_f041_front.jpg,ml/body_measurement/data/people/sizkorea_f041_side.jpg,ml/body_measurement/data/raw_test_data/F041_profile.csv,F,35,156.9,51.3,33.9,83.7,66.0,94.6,67.0,39.8,,,
sizkorea_f043,f043,F043,F043,sizkorea_f043_front.jpg,sizkorea_f043_side.jpg,ml/body_measurement/data/people/sizkorea_f043_front.jpg,ml/body_measurement/data/people/sizkorea_f043_side.jpg,ml/body_measurement/data/raw_test_data/F043_profile.csv,F,23,153.6,49.8,33.5,84.3,68.9,88.0,65.8,38.4,,,
sizkorea_f051,f051,F051,F051,sizkorea_f051_front.jpg,sizkorea_f051_side.jpg,ml/body_measurement/data/people/sizkorea_f051_front.jpg,ml/body_measurement/data/people/sizkorea_f051_side.jpg,ml/body_measurement/data/raw_test_data/F051_profile.csv,F,49,169.9,64.5,35.2,87.7,76.6,100.0,75.0,44.7,,,
sizkorea_f057,f057,F057,F057,sizkorea_f057_front.jpg,sizkorea_f057_side.jpg,ml/body_measurement/data/people/sizkorea_f057_front.jpg,ml/body_measurement/data/people/sizkorea_f057_side.jpg,ml/body_measurement/data/raw_test_data/F057_profile.csv,F,35,161.6,65.0,35.4,90.0,78.4,105.4,67.7,39.4,,,
sizkorea_f061,f061,F061,F061,sizkorea_f061_front.jpg,sizkorea_f061_side.jpg,ml/body_measurement/data/people/sizkorea_f061_front.jpg,ml/body_measurement/data/people/sizkorea_f061_side.jpg,ml/body_measurement/data/raw_test_data/F061_profile.csv,F,29,166.7,60.2,37.6,88.8,73.7,97.0,75.6,43.8,,,
sizkorea_f063,f063,F063,F063,sizkorea_f063_front.jpg,sizkorea_f063_side.jpg,ml/body_measurement/data/people/sizkorea_f063_front.jpg,ml/body_measurement/data/people/sizkorea_f063_side.jpg,ml/body_measurement/data/raw_test_data/F063_profile.csv,F,37,164.5,54.5,37.2,85.6,71.7,93.0,72.1,41.6,,,
sizkorea_f071,f071,F071,F071,sizkorea_f071_front.jpg,sizkorea_f071_side.jpg,ml/body_measurement/data/people/sizkorea_f071_front.jpg,ml/body_measurement/data/people/sizkorea_f071_side.jpg,ml/body_measurement/data/raw_test_data/F071_profile.csv,F,48,166.5,90.1,35.4,103.3,89.7,109.2,71.4,41.8,,,
sizkorea_f072,f072,F072,F072,sizkorea_f072_front.jpg,sizkorea_f072_side.jpg,ml/body_measurement/data/people/sizkorea_f072_front.jpg,ml/body_measurement/data/people/sizkorea_f072_side.jpg,ml/body_measurement/data/raw_test_data/F072_profile.csv,F,49,154.9,55.2,36.8,89.7,75.0,93.6,64.7,39.6,,,
sizkorea_f073,f073,F073,F073,sizkorea_f073_front.jpg,sizkorea_f073_side.jpg,ml/body_measurement/data/people/sizkorea_f073_front.jpg,ml/body_measurement/data/people/sizkorea_f073_side.jpg,ml/body_measurement/data/raw_test_data/F073_profile.csv,F,26,161.7,59.7,35.4,80.1,71.0,96.0,73.0,41.3,,,
sizkorea_f075,f075,F075,F075,sizkorea_f075_front.jpg,sizkorea_f075_side.jpg,ml/body_measurement/data/people/sizkorea_f075_front.jpg,ml/body_measurement/data/people/sizkorea_f075_side.jpg,ml/body_measurement/data/raw_test_data/F075_profile.csv,F,49,161.6,76.3,37.9,105.3,89.1,104.4,71.1,41.7,,,
sizkorea_f090,f090,F090,F090,sizkorea_f090_front.jpg,sizkorea_f090_side.jpg,ml/body_measurement/data/people/sizkorea_f090_front.jpg,ml/body_measurement/data/people/sizkorea_f090_side.jpg,ml/body_measurement/data/raw_test_data/F090_profile.csv,F,34,157.2,49.6,32.3,85.0,66.8,90.0,69.5,39.5,,,
sizkorea_f093,f093,F093,F093,sizkorea_f093_front.jpg,sizkorea_f093_side.jpg,ml/body_measurement/data/people/sizkorea_f093_front.jpg,ml/body_measurement/data/people/sizkorea_f093_side.jpg,ml/body_measurement/data/raw_test_data/F093_profile.csv,F,44,172.2,60.1,37.4,83.6,69.4,96.5,77.4,43.7,,,
sizkorea_f098,f098,F098,F098,sizkorea_f098_front.jpg,sizkorea_f098_side.jpg,ml/body_measurement/data/people/sizkorea_f098_front.jpg,ml/body_measurement/data/people/sizkorea_f098_side.jpg,ml/body_measurement/data/raw_test_data/F098_profile.csv,F,20,169.0,46.7,36.5,76.0,59.5,86.5,76.3,42.3,,,
sizkorea_f099,f099,F099,F099,sizkorea_f099_front.jpg,sizkorea_f099_side.jpg,ml/body_measurement/data/people/sizkorea_f099_front.jpg,ml/body_measurement/data/people/sizkorea_f099_side.jpg,ml/body_measurement/data/raw_test_data/F099_profile.csv,F,55,158.5,71.4,35.0,101.5,94.4,105.0,69.3,40.0,,,
sizkorea_f103,f103,F103,F103,sizkorea_f103_front.jpg,sizkorea_f103_side.jpg,ml/body_measurement/data/people/sizkorea_f103_front.jpg,ml/body_measurement/data/people/sizkorea_f103_side.jpg,ml/body_measurement/data/raw_test_data/F103_profile.csv,F,53,162.5,76.6,37.4,101.0,90.5,105.5,68.2,40.4,,,
sizkorea_f111,f111,F111,F111,sizkorea_f111_front.jpg,sizkorea_f111_side.jpg,ml/body_measurement/data/people/sizkorea_f111_front.jpg,ml/body_measurement/data/people/sizkorea_f111_side.jpg,ml/body_measurement/data/raw_test_data/F111_profile.csv,F,37,164.1,59.3,37.4,88.5,74.4,95.9,71.4,42.5,,,
sizkorea_f115,f115,F115,F115,sizkorea_f115_front.jpg,sizkorea_f115_side.jpg,ml/body_measurement/data/people/sizkorea_f115_front.jpg,ml/body_measurement/data/people/sizkorea_f115_side.jpg,ml/body_measurement/data/raw_test_data/F115_profile.csv,F,34,161.4,56.8,32.7,89.1,69.2,95.0,68.8,39.7,,,
sizkorea_f117,f117,F117,F117,sizkorea_f117_front.jpg,sizkorea_f117_side.jpg,ml/body_measurement/data/people/sizkorea_f117_front.jpg,ml/body_measurement/data/people/sizkorea_f117_side.jpg,ml/body_measurement/data/raw_test_data/F117_profile.csv,F,47,169.3,83.1,41.1,110.8,98.5,102.2,71.9,43.4,,,
sizkorea_f120,f120,F120,F120,sizkorea_f120_front.jpg,sizkorea_f120_side.jpg,ml/body_measurement/data/people/sizkorea_f120_front.jpg,ml/body_measurement/data/people/sizkorea_f120_side.jpg,ml/body_measurement/data/raw_test_data/F120_profile.csv,F,27,160.7,52.5,35.9,87.6,68.0,88.6,72.5,40.4,,,
sizkorea_f123,f123,F123,F123,sizkorea_f123_front.jpg,sizkorea_f123_side.jpg,ml/body_measurement/data/people/sizkorea_f123_front.jpg,ml/body_measurement/data/people/sizkorea_f123_side.jpg,ml/body_measurement/data/raw_test_data/F123_profile.csv,F,42,163.0,65.9,33.8,94.7,83.5,100.3,71.5,39.8,,,
sizkorea_f125,f125,F125,F125,sizkorea_f125_front.jpg,sizkorea_f125_side.jpg,ml/body_measurement/data/people/sizkorea_f125_front.jpg,ml/body_measurement/data/people/sizkorea_f125_side.jpg,ml/body_measurement/data/raw_test_data/F125_profile.csv,F,21,167.3,59.3,33.9,92.1,68.0,97.1,75.3,43.6,,,
sizkorea_f128,f128,F128,F128,sizkorea_f128_front.jpg,sizkorea_f128_side.jpg,ml/body_measurement/data/people/sizkorea_f128_front.jpg,ml/body_measurement/data/people/sizkorea_f128_side.jpg,ml/body_measurement/data/raw_test_data/F128_profile.csv,F,38,169.3,60.8,36.4,82.8,73.5,96.7,72.5,41.6,,,
sizkorea_f145,f145,F145,F145,sizkorea_f145_front.jpg,sizkorea_f145_side.jpg,ml/body_measurement/data/people/sizkorea_f145_front.jpg,ml/body_measurement/data/people/sizkorea_f145_side.jpg,ml/body_measurement/data/raw_test_data/F145_profile.csv,F,49,160.5,62.9,36.6,95.6,77.0,100.6,71.7,42.2,,,
sizkorea_f148,f148,F148,F148,sizkorea_f148_front.jpg,sizkorea_f148_side.jpg,ml/body_measurement/data/people/sizkorea_f148_front.jpg,ml/body_measurement/data/people/sizkorea_f148_side.jpg,ml/body_measurement/data/raw_test_data/F148_profile.csv,F,27,162.3,49.8,33.0,85.0,67.0,89.3,74.4,42.4,,,
sizkorea_f153,f153,F153,F153,sizkorea_f153_front.jpg,sizkorea_f153_side.jpg,ml/body_measurement/data/people/sizkorea_f153_front.jpg,ml/body_measurement/data/people/sizkorea_f153_side.jpg,ml/body_measurement/data/raw_test_data/F153_profile.csv,F,39,158.1,45.3,31.3,78.5,66.2,85.3,70.0,40.6,,,
sizkorea_f156,f156,F156,F156,sizkorea_f156_front.jpg,sizkorea_f156_side.jpg,ml/body_measurement/data/people/sizkorea_f156_front.jpg,ml/body_measurement/data/people/sizkorea_f156_side.jpg,ml/body_measurement/data/raw_test_data/F156_profile.csv,F,56,158.8,59.5,35.1,95.2,79.3,92.4,66.0,37.4,,,
sizkorea_f169,f169,F169,F169,sizkorea_f169_front.jpg,sizkorea_f169_side.jpg,ml/body_measurement/data/people/sizkorea_f169_front.jpg,ml/body_measurement/data/people/sizkorea_f169_side.jpg,ml/body_measurement/data/raw_test_data/F169_profile.csv,F,28,157.0,70.3,32.9,100.2,86.8,104.0,69.1,40.0,,,
sizkorea_f178,f178,F178,F178,sizkorea_f178_front.jpg,sizkorea_f178_side.jpg,ml/body_measurement/data/people/sizkorea_f178_front.jpg,ml/body_measurement/data/people/sizkorea_f178_side.jpg,ml/body_measurement/data/raw_test_data/F178_profile.csv,F,50,156.1,65.8,36.4,93.5,83.4,96.0,65.7,40.5,,,
sizkorea_f187,f187,F187,F187,sizkorea_f187_front.jpg,sizkorea_f187_side.jpg,ml/body_measurement/data/people/sizkorea_f187_front.jpg,ml/body_measurement/data/people/sizkorea_f187_side.jpg,ml/body_measurement/data/raw_test_data/F187_profile.csv,F,32,154.3,50.4,32.2,86.4,65.9,91.7,66.7,38.6,,,
sizkorea_f193,f193,F193,F193,sizkorea_f193_front.jpg,sizkorea_f193_side.jpg,ml/body_measurement/data/people/sizkorea_f193_front.jpg,ml/body_measurement/data/people/sizkorea_f193_side.jpg,ml/body_measurement/data/raw_test_data/F193_profile.csv,F,24,158.9,49.1,34.6,79.5,65.3,86.4,70.5,41.0,,,
sizkorea_f194,f194,F194,F194,sizkorea_f194_front.jpg,sizkorea_f194_side.jpg,ml/body_measurement/data/people/sizkorea_f194_front.jpg,ml/body_measurement/data/people/sizkorea_f194_side.jpg,ml/body_measurement/data/raw_test_data/F194_profile.csv,F,39,170.4,54.0,36.4,82.8,71.0,91.8,76.2,43.4,,,
sizkorea_f199,f199,F199,F199,sizkorea_f199_front.jpg,sizkorea_f199_side.jpg,ml/body_measurement/data/people/sizkorea_f199_front.jpg,ml/body_measurement/data/people/sizkorea_f199_side.jpg,ml/body_measurement/data/raw_test_data/F199_profile.csv,F,39,161.4,46.7,33.9,78.4,65.9,89.5,71.9,41.7,,,
sizkorea_f203,f203,F203,F203,sizkorea_f203_front.jpg,sizkorea_f203_side.jpg,ml/body_measurement/data/people/sizkorea_f203_front.jpg,ml/body_measurement/data/people/sizkorea_f203_side.jpg,ml/body_measurement/data/raw_test_data/F203_profile.csv,F,30,160.3,59.6,33.3,92.2,79.4,94.0,71.5,40.7,,,
sizkorea_f220,f220,F220,F220,sizkorea_f220_front.jpg,sizkorea_f220_side.jpg,ml/body_measurement/data/people/sizkorea_f220_front.jpg,ml/body_measurement/data/people/sizkorea_f220_side.jpg,ml/body_measurement/data/raw_test_data/F220_profile.csv,F,48,164.6,56.5,32.1,83.0,69.9,94.8,71.9,43.2,,,
sizkorea_f221,f221,F221,F221,sizkorea_f221_front.jpg,sizkorea_f221_side.jpg,ml/body_measurement/data/people/sizkorea_f221_front.jpg,ml/body_measurement/data/people/sizkorea_f221_side.jpg,ml/body_measurement/data/raw_test_data/F221_profile.csv,F,24,161.2,48.6,34.8,82.0,67.0,89.6,74.5,42.0,,,
sizkorea_f223,f223,F223,F223,sizkorea_f223_front.jpg,sizkorea_f223_side.jpg,ml/body_measurement/data/people/sizkorea_f223_front.jpg,ml/body_measurement/data/people/sizkorea_f223_side.jpg,ml/body_measurement/data/raw_test_data/F223_profile.csv,F,50,158.7,71.9,36.3,109.5,101.2,95.8,68.1,41.8,,,
sizkorea_f226,f226,F226,F226,sizkorea_f226_front.jpg,sizkorea_f226_side.jpg,ml/body_measurement/data/people/sizkorea_f226_front.jpg,ml/body_measurement/data/people/sizkorea_f226_side.jpg,ml/body_measurement/data/raw_test_data/F226_profile.csv,F,50,162.9,54.7,33.3,87.0,77.5,92.6,72.5,42.3,,,
sizkorea_f233,f233,F233,F233,sizkorea_f233_front.jpg,sizkorea_f233_side.jpg,ml/body_measurement/data/people/sizkorea_f233_front.jpg,ml/body_measurement/data/people/sizkorea_f233_side.jpg,ml/body_measurement/data/raw_test_data/F233_profile.csv,F,51,155.0,61.8,34.6,100.5,84.2,91.2,70.5,43.8,,,
sizkorea_f234,f234,F234,F234,sizkorea_f234_front.jpg,sizkorea_f234_side.jpg,ml/body_measurement/data/people/sizkorea_f234_front.jpg,ml/body_measurement/data/people/sizkorea_f234_side.jpg,ml/body_measurement/data/raw_test_data/F234_profile.csv,F,22,152.2,47.0,33.0,79.6,62.8,91.0,69.7,40.3,,,
sizkorea_f241,f241,F241,F241,sizkorea_f241_front.jpg,sizkorea_f241_side.jpg,ml/body_measurement/data/people/sizkorea_f241_front.jpg,ml/body_measurement/data/people/sizkorea_f241_side.jpg,ml/body_measurement/data/raw_test_data/F241_profile.csv,F,69,152.1,57.3,30.8,91.6,83.8,92.5,66.8,39.4,,,
sizkorea_f246,f246,F246,F246,sizkorea_f246_front.jpg,sizkorea_f246_side.jpg,ml/body_measurement/data/people/sizkorea_f246_front.jpg,ml/body_measurement/data/people/sizkorea_f246_side.jpg,ml/body_measurement/data/raw_test_data/F246_profile.csv,F,29,159.6,59.9,35.8,92.3,75.5,98.4,66.6,38.8,,,
sizkorea_f251,f251,F251,F251,sizkorea_f251_front.jpg,sizkorea_f251_side.jpg,ml/body_measurement/data/people/sizkorea_f251_front.jpg,ml/body_measurement/data/people/sizkorea_f251_side.jpg,ml/body_measurement/data/raw_test_data/F251_profile.csv,F,38,164.4,49.0,33.1,80.5,63.0,87.5,73.5,42.1,,,
sizkorea_f259,f259,F259,F259,sizkorea_f259_front.jpg,sizkorea_f259_side.jpg,ml/body_measurement/data/people/sizkorea_f259_front.jpg,ml/body_measurement/data/people/sizkorea_f259_side.jpg,ml/body_measurement/data/raw_test_data/F259_profile.csv,F,61,161.0,71.8,32.4,106.6,94.1,100.7,70.5,43.7,,,
sizkorea_f265,f265,F265,F265,sizkorea_f265_front.jpg,sizkorea_f265_side.jpg,ml/body_measurement/data/people/sizkorea_f265_front.jpg,ml/body_measurement/data/people/sizkorea_f265_side.jpg,ml/body_measurement/data/raw_test_data/F265_profile.csv,F,35,159.8,65.5,35.2,91.0,78.8,100.8,71.1,42.0,,,
sizkorea_f268,f268,F268,F268,sizkorea_f268_front.jpg,sizkorea_f268_side.jpg,ml/body_measurement/data/people/sizkorea_f268_front.jpg,ml/body_measurement/data/people/sizkorea_f268_side.jpg,ml/body_measurement/data/raw_test_data/F268_profile.csv,F,25,157.6,53.5,31.6,82.5,67.5,94.3,68.0,39.0,,,
sizkorea_f269,f269,F269,F269,sizkorea_f269_front.jpg,sizkorea_f269_side.jpg,ml/body_measurement/data/people/sizkorea_f269_front.jpg,ml/body_measurement/data/people/sizkorea_f269_side.jpg,ml/body_measurement/data/raw_test_data/F269_profile.csv,F,25,162.5,52.4,36.4,79.8,60.6,88.9,71.0,40.6,,,
sizkorea_f274,f274,F274,F274,sizkorea_f274_front.jpg,sizkorea_f274_side.jpg,ml/body_measurement/data/people/sizkorea_f274_front.jpg,ml/body_measurement/data/people/sizkorea_f274_side.jpg,ml/body_measurement/data/raw_test_data/F274_profile.csv,F,34,169.6,53.7,33.5,78.0,69.5,91.5,79.7,46.8,,,
sizkorea_f275,f275,F275,F275,sizkorea_f275_front.jpg,sizkorea_f275_side.jpg,ml/body_measurement/data/people/sizkorea_f275_front.jpg,ml/body_measurement/data/people/sizkorea_f275_side.jpg,ml/body_measurement/data/raw_test_data/F275_profile.csv,F,43,148.6,74.7,35.1,102.5,95.0,106.2,62.2,37.5,,,
sizkorea_f282,f282,F282,F282,sizkorea_f282_front.jpg,sizkorea_f282_side.jpg,ml/body_measurement/data/people/sizkorea_f282_front.jpg,ml/body_measurement/data/people/sizkorea_f282_side.jpg,ml/body_measurement/data/raw_test_data/F282_profile.csv,F,44,163.9,60.3,37.0,89.0,74.3,94.0,71.2,42.9,,,
sizkorea_f285,f285,F285,F285,sizkorea_f285_front.jpg,sizkorea_f285_side.jpg,ml/body_measurement/data/people/sizkorea_f285_front.jpg,ml/body_measurement/data/people/sizkorea_f285_side.jpg,ml/body_measurement/data/raw_test_data/F285_profile.csv,F,23,164.6,63.0,36.8,94.0,76.6,96.7,73.6,41.0,,,
sizkorea_f292,f292,F292,F292,sizkorea_f292_front.jpg,sizkorea_f292_side.jpg,ml/body_measurement/data/people/sizkorea_f292_front.jpg,ml/body_measurement/data/people/sizkorea_f292_side.jpg,ml/body_measurement/data/raw_test_data/F292_profile.csv,F,29,167.5,62.4,35.0,91.3,72.7,98.3,70.5,41.1,,,
sizkorea_f293,f293,F293,F293,sizkorea_f293_front.jpg,sizkorea_f293_side.jpg,ml/body_measurement/data/people/sizkorea_f293_front.jpg,ml/body_measurement/data/people/sizkorea_f293_side.jpg,ml/body_measurement/data/raw_test_data/F293_profile.csv,F,32,154.8,57.5,34.8,88.3,75.8,93.4,67.0,41.0,,,
sizkorea_f301,f301,F301,F301,sizkorea_f301_front.jpg,sizkorea_f301_side.jpg,ml/body_measurement/data/people/sizkorea_f301_front.jpg,ml/body_measurement/data/people/sizkorea_f301_side.jpg,ml/body_measurement/data/raw_test_data/F301_profile.csv,F,37,155.6,55.9,30.4,87.6,71.9,90.9,70.0,41.4,,,
sizkorea_f312,f312,F312,F312,sizkorea_f312_front.jpg,sizkorea_f312_side.jpg,ml/body_measurement/data/people/sizkorea_f312_front.jpg,ml/body_measurement/data/people/sizkorea_f312_side.jpg,ml/body_measurement/data/raw_test_data/F312_profile.csv,F,24,158.2,51.4,34.5,84.5,67.0,87.6,70.1,39.8,,,
sizkorea_f313,f313,F313,F313,sizkorea_f313_front.jpg,sizkorea_f313_side.jpg,ml/body_measurement/data/people/sizkorea_f313_front.jpg,ml/body_measurement/data/people/sizkorea_f313_side.jpg,ml/body_measurement/data/raw_test_data/F313_profile.csv,F,43,172.6,63.5,34.7,88.7,76.5,99.4,74.9,42.9,,,
sizkorea_f317,f317,F317,F317,sizkorea_f317_front.jpg,sizkorea_f317_side.jpg,ml/body_measurement/data/people/sizkorea_f317_front.jpg,ml/body_measurement/data/people/sizkorea_f317_side.jpg,ml/body_measurement/data/raw_test_data/F317_profile.csv,F,26,156.0,55.1,35.5,88.0,73.0,94.7,68.6,39.5,,,
sizkorea_f319,f319,F319,F319,sizkorea_f319_front.jpg,sizkorea_f319_side.jpg,ml/body_measurement/data/people/sizkorea_f319_front.jpg,ml/body_measurement/data/people/sizkorea_f319_side.jpg,ml/body_measurement/data/raw_test_data/F319_profile.csv,F,55,163.7,55.7,33.6,88.2,72.3,90.5,74.8,45.4,,,
sizkorea_f342,f342,F342,F342,sizkorea_f342_front.jpg,sizkorea_f342_side.jpg,ml/body_measurement/data/people/sizkorea_f342_front.jpg,ml/body_measurement/data/people/sizkorea_f342_side.jpg,ml/body_measurement/data/raw_test_data/F342_profile.csv,F,51,155.1,56.9,33.0,89.5,74.2,94.0,64.9,39.2,,,
sizkorea_f343,f343,F343,F343,sizkorea_f343_front.jpg,sizkorea_f343_side.jpg,ml/body_measurement/data/people/sizkorea_f343_front.jpg,ml/body_measurement/data/people/sizkorea_f343_side.jpg,ml/body_measurement/data/raw_test_data/F343_profile.csv,F,33,162.5,62.8,34.6,91.9,79.2,94.6,72.2,44.5,,,
sizkorea_f345,f345,F345,F345,sizkorea_f345_front.jpg,sizkorea_f345_side.jpg,ml/body_measurement/data/people/sizkorea_f345_front.jpg,ml/body_measurement/data/people/sizkorea_f345_side.jpg,ml/body_measurement/data/raw_test_data/F345_profile.csv,F,36,169.7,60.0,35.0,88.0,71.0,94.4,74.4,41.0,,,
sizkorea_f346,f346,F346,F346,sizkorea_f346_front.jpg,sizkorea_f346_side.jpg,ml/body_measurement/data/people/sizkorea_f346_front.jpg,ml/body_measurement/data/people/sizkorea_f346_side.jpg,ml/body_measurement/data/raw_test_data/F346_profile.csv,F,38,165.2,56.9,33.1,77.8,66.0,94.9,72.4,42.5,,,
sizkorea_f349,f349,F349,F349,sizkorea_f349_front.jpg,sizkorea_f349_side.jpg,ml/body_measurement/data/people/sizkorea_f349_front.jpg,ml/body_measurement/data/people/sizkorea_f349_side.jpg,ml/body_measurement/data/raw_test_data/F349_profile.csv,F,30,166.5,58.5,33.4,86.4,69.6,92.6,76.0,44.2,,,
sizkorea_f352,f352,F352,F352,sizkorea_f352_front.jpg,sizkorea_f352_side.jpg,ml/body_measurement/data/people/sizkorea_f352_front.jpg,ml/body_measurement/data/people/sizkorea_f352_side.jpg,ml/body_measurement/data/raw_test_data/F352_profile.csv,F,20,160.2,58.9,33.4,92.8,75.0,92.1,70.3,41.6,,,
sizkorea_f354,f354,F354,F354,sizkorea_f354_front.jpg,sizkorea_f354_side.jpg,ml/body_measurement/data/people/sizkorea_f354_front.jpg,ml/body_measurement/data/people/sizkorea_f354_side.jpg,ml/body_measurement/data/raw_test_data/F354_profile.csv,F,74,153.8,79.5,34.4,108.5,101.3,112.0,65.3,38.7,,,
sizkorea_f355,f355,F355,F355,sizkorea_f355_front.jpg,sizkorea_f355_side.jpg,ml/body_measurement/data/people/sizkorea_f355_front.jpg,ml/body_measurement/data/people/sizkorea_f355_side.jpg,ml/body_measurement/data/raw_test_data/F355_profile.csv,F,28,167.8,53.0,34.1,79.8,69.2,92.0,80.6,45.8,,,
sizkorea_f357,f357,F357,F357,sizkorea_f357_front.jpg,sizkorea_f357_side.jpg,ml/body_measurement/data/people/sizkorea_f357_front.jpg,ml/body_measurement/data/people/sizkorea_f357_side.jpg,ml/body_measurement/data/raw_test_data/F357_profile.csv,F,29,164.2,55.1,35.0,81.5,67.9,89.6,72.5,42.3,,,
sizkorea_f364,f364,F364,F364,sizkorea_f364_front.jpg,sizkorea_f364_side.jpg,ml/body_measurement/data/people/sizkorea_f364_front.jpg,ml/body_measurement/data/people/sizkorea_f364_side.jpg,ml/body_measurement/data/raw_test_data/F364_profile.csv,F,32,161.7,59.5,34.6,85.5,73.7,95.4,67.2,39.5,,,
sizkorea_f365,f365,F365,F365,sizkorea_f365_front.jpg,sizkorea_f365_side.jpg,ml/body_measurement/data/people/sizkorea_f365_front.jpg,ml/body_measurement/data/people/sizkorea_f365_side.jpg,ml/body_measurement/data/raw_test_data/F365_profile.csv,F,39,158.7,63.0,34.6,90.9,78.4,100.0,69.2,40.4,,,
sizkorea_f368,f368,F368,F368,sizkorea_f368_front.jpg,sizkorea_f368_side.jpg,ml/body_measurement/data/people/sizkorea_f368_front.jpg,ml/body_measurement/data/people/sizkorea_f368_side.jpg,ml/body_measurement/data/raw_test_data/F368_profile.csv,F,32,155.0,50.9,34.5,81.7,66.8,89.5,66.8,38.2,,,
sizkorea_f369,f369,F369,F369,sizkorea_f369_front.jpg,sizkorea_f369_side.jpg,ml/body_measurement/data/people/sizkorea_f369_front.jpg,ml/body_measurement/data/people/sizkorea_f369_side.jpg,ml/body_measurement/data/raw_test_data/F369_profile.csv,F,40,165.5,55.0,34.7,84.4,65.9,92.7,74.9,42.2,,,
sizkorea_f374,f374,F374,F374,sizkorea_f374_front.jpg,sizkorea_f374_side.jpg,ml/body_measurement/data/people/sizkorea_f374_front.jpg,ml/body_measurement/data/people/sizkorea_f374_side.jpg,ml/body_measurement/data/raw_test_data/F374_profile.csv,F,45,160.9,54.1,34.5,82.5,68.6,94.8,69.1,40.2,,,
sizkorea_f376,f376,F376,F376,sizkorea_f376_front.jpg,sizkorea_f376_side.jpg,ml/body_measurement/data/people/sizkorea_f376_front.jpg,ml/body_measurement/data/people/sizkorea_f376_side.jpg,ml/body_measurement/data/raw_test_data/F376_profile.csv,F,53,166.1,70.1,38.1,97.0,83.5,98.5,72.6,41.8,,,
sizkorea_f385,f385,F385,F385,sizkorea_f385_front.jpg,sizkorea_f385_side.jpg,ml/body_measurement/data/people/sizkorea_f385_front.jpg,ml/body_measurement/data/people/sizkorea_f385_side.jpg,ml/body_measurement/data/raw_test_data/F385_profile.csv,F,63,160.5,64.7,34.0,93.7,78.6,99.1,69.3,42.4,,,
sizkorea_f394,f394,F394,F394,sizkorea_f394_front.jpg,sizkorea_f394_side.jpg,ml/body_measurement/data/people/sizkorea_f394_front.jpg,ml/body_measurement/data/people/sizkorea_f394_side.jpg,ml/body_measurement/data/raw_test_data/F394_profile.csv,F,33,162.9,57.6,36.9,83.6,70.6,95.5,71.5,40.7,,,
sizkorea_f396,f396,F396,F396,sizkorea_f396_front.jpg,sizkorea_f396_side.jpg,ml/body_measurement/data/people/sizkorea_f396_front.jpg,ml/body_measurement/data/people/sizkorea_f396_side.jpg,ml/body_measurement/data/raw_test_data/F396_profile.csv,F,49,159.1,53.6,34.2,84.3,71.4,88.2,67.8,40.0,,,
sizkorea_f398,f398,F398,F398,sizkorea_f398_front.jpg,sizkorea_f398_side.jpg,ml/body_measurement/data/people/sizkorea_f398_front.jpg,ml/body_measurement/data/people/sizkorea_f398_side.jpg,ml/body_measurement/data/raw_test_data/F398_profile.csv,F,21,155.4,52.1,35.5,88.4,71.0,89.6,69.8,40.8,,,
sizkorea_f405,f405,F405,F405,sizkorea_f405_front.jpg,sizkorea_f405_side.jpg,ml/body_measurement/data/people/sizkorea_f405_front.jpg,ml/body_measurement/data/people/sizkorea_f405_side.jpg,ml/body_measurement/data/raw_test_data/F405_profile.csv,F,26,158.2,54.5,33.8,89.0,68.7,94.6,70.1,39.5,,,
sizkorea_f408,f408,F408,F408,sizkorea_f408_front.jpg,sizkorea_f408_side.jpg,ml/body_measurement/data/people/sizkorea_f408_front.jpg,ml/body_measurement/data/people/sizkorea_f408_side.jpg,ml/body_measurement/data/raw_test_data/F408_profile.csv,F,53,163.1,56.3,34.5,85.3,71.0,95.2,73.3,42.5,,,
sizkorea_m012,m012,M012,M012,sizkorea_m012_front.jpg,sizkorea_m012_side.jpg,ml/body_measurement/data/people/sizkorea_m012_front.jpg,ml/body_measurement/data/people/sizkorea_m012_side.jpg,ml/body_measurement/data/raw_test_data/M012_profile.csv,M,26,177.9,78.4,38.6,92.3,82.1,100.4,75.1,48.1,,,
sizkorea_m018,m018,M018,M018,sizkorea_m018_front.jpg,sizkorea_m018_side.jpg,ml/body_measurement/data/people/sizkorea_m018_front.jpg,ml/body_measurement/data/people/sizkorea_m018_side.jpg,ml/body_measurement/data/raw_test_data/M018_profile.csv,M,31,174.6,68.7,39.4,84.1,79.7,95.8,73.2,45.7,,,
sizkorea_m019,m019,M019,M019,sizkorea_m019_front.jpg,sizkorea_m019_side.jpg,ml/body_measurement/data/people/sizkorea_m019_front.jpg,ml/body_measurement/data/people/sizkorea_m019_side.jpg,ml/body_measurement/data/raw_test_data/M019_profile.csv,M,58,165.9,65.4,38.9,91.1,82.2,90.6,72.4,40.5,,,
sizkorea_m021,m021,M021,M021,sizkorea_m021_front.jpg,sizkorea_m021_side.jpg,ml/body_measurement/data/people/sizkorea_m021_front.jpg,ml/body_measurement/data/people/sizkorea_m021_side.jpg,ml/body_measurement/data/raw_test_data/M021_profile.csv,M,72,169.3,56.4,37.6,85.6,82.7,87.3,74.3,42.6,,,
sizkorea_m023,m023,M023,M023,sizkorea_m023_front.jpg,sizkorea_m023_side.jpg,ml/body_measurement/data/people/sizkorea_m023_front.jpg,ml/body_measurement/data/people/sizkorea_m023_side.jpg,ml/body_measurement/data/raw_test_data/M023_profile.csv,M,28,172.8,56.3,37.1,83.0,70.1,86.6,78.8,47.7,,,
sizkorea_m025,m025,M025,M025,sizkorea_m025_front.jpg,sizkorea_m025_side.jpg,ml/body_measurement/data/people/sizkorea_m025_front.jpg,ml/body_measurement/data/people/sizkorea_m025_side.jpg,ml/body_measurement/data/raw_test_data/M025_profile.csv,M,34,165.8,85.5,40.4,98.3,98.2,104.6,68.6,41.9,,,
sizkorea_m030,m030,M030,M030,sizkorea_m030_front.jpg,sizkorea_m030_side.jpg,ml/body_measurement/data/people/sizkorea_m030_front.jpg,ml/body_measurement/data/people/sizkorea_m030_side.jpg,ml/body_measurement/data/raw_test_data/M030_profile.csv,M,30,170.8,76.9,41.9,96.1,82.6,99.0,69.4,43.4,,,
sizkorea_m034,m034,M034,M034,sizkorea_m034_front.jpg,sizkorea_m034_side.jpg,ml/body_measurement/data/people/sizkorea_m034_front.jpg,ml/body_measurement/data/people/sizkorea_m034_side.jpg,ml/body_measurement/data/raw_test_data/M034_profile.csv,M,22,165.0,73.1,43.4,94.5,84.0,97.5,70.1,44.5,,,
sizkorea_m035,m035,M035,M035,sizkorea_m035_front.jpg,sizkorea_m035_side.jpg,ml/body_measurement/data/people/sizkorea_m035_front.jpg,ml/body_measurement/data/people/sizkorea_m035_side.jpg,ml/body_measurement/data/raw_test_data/M035_profile.csv,M,78,166.0,46.6,34.4,78.8,65.6,84.0,72.5,122.5,,,
sizkorea_m036,m036,M036,M036,sizkorea_m036_front.jpg,sizkorea_m036_side.jpg,ml/body_measurement/data/people/sizkorea_m036_front.jpg,ml/body_measurement/data/people/sizkorea_m036_side.jpg,ml/body_measurement/data/raw_test_data/M036_profile.csv,M,53,166.2,53.6,38.3,85.2,71.0,84.7,70.3,44.0,,,
sizkorea_m043,m043,M043,M043,sizkorea_m043_front.jpg,sizkorea_m043_side.jpg,ml/body_measurement/data/people/sizkorea_m043_front.jpg,ml/body_measurement/data/people/sizkorea_m043_side.jpg,ml/body_measurement/data/raw_test_data/M043_profile.csv,M,27,180.9,57.3,39.5,80.6,68.9,85.0,83.1,47.7,,,
sizkorea_m044,m044,M044,M044,sizkorea_m044_front.jpg,sizkorea_m044_side.jpg,ml/body_measurement/data/people/sizkorea_m044_front.jpg,ml/body_measurement/data/people/sizkorea_m044_side.jpg,ml/body_measurement/data/raw_test_data/M044_profile.csv,M,24,170.0,58.1,39.2,83.8,71.5,88.0,73.8,44.0,,,
sizkorea_m046,m046,M046,M046,sizkorea_m046_front.jpg,sizkorea_m046_side.jpg,ml/body_measurement/data/people/sizkorea_m046_front.jpg,ml/body_measurement/data/people/sizkorea_m046_side.jpg,ml/body_measurement/data/raw_test_data/M046_profile.csv,M,46,160.4,69.6,37.4,95.6,87.5,97.6,67.4,41.0,,,
sizkorea_m050,m050,M050,M050,sizkorea_m050_front.jpg,sizkorea_m050_side.jpg,ml/body_measurement/data/people/sizkorea_m050_front.jpg,ml/body_measurement/data/people/sizkorea_m050_side.jpg,ml/body_measurement/data/raw_test_data/M050_profile.csv,M,23,165.7,59.7,39.6,87.6,74.1,89.1,69.4,42.6,,,
sizkorea_m057,m057,M057,M057,sizkorea_m057_front.jpg,sizkorea_m057_side.jpg,ml/body_measurement/data/people/sizkorea_m057_front.jpg,ml/body_measurement/data/people/sizkorea_m057_side.jpg,ml/body_measurement/data/raw_test_data/M057_profile.csv,M,23,169.0,75.0,40.7,97.0,80.3,98.0,73.0,40.6,,,
sizkorea_m058,m058,M058,M058,sizkorea_m058_front.jpg,sizkorea_m058_side.jpg,ml/body_measurement/data/people/sizkorea_m058_front.jpg,ml/body_measurement/data/people/sizkorea_m058_side.jpg,ml/body_measurement/data/raw_test_data/M058_profile.csv,M,22,174.5,75.0,39.7,95.2,83.9,97.5,73.3,45.4,,,
sizkorea_m060,m060,M060,M060,sizkorea_m060_front.jpg,sizkorea_m060_side.jpg,ml/body_measurement/data/people/sizkorea_m060_front.jpg,ml/body_measurement/data/people/sizkorea_m060_side.jpg,ml/body_measurement/data/raw_test_data/M060_profile.csv,M,31,169.0,65.2,39.9,88.7,78.0,94.0,75.0,46.2,,,
sizkorea_m064,m064,M064,M064,sizkorea_m064_front.jpg,sizkorea_m064_side.jpg,ml/body_measurement/data/people/sizkorea_m064_front.jpg,ml/body_measurement/data/people/sizkorea_m064_side.jpg,ml/body_measurement/data/raw_test_data/M064_profile.csv,M,38,165.7,64.1,39.4,86.0,78.9,91.4,72.8,44.1,,,
sizkorea_m071,m071,M071,M071,sizkorea_m071_front.jpg,sizkorea_m071_side.jpg,ml/body_measurement/data/people/sizkorea_m071_front.jpg,ml/body_measurement/data/people/sizkorea_m071_side.jpg,ml/body_measurement/data/raw_test_data/M071_profile.csv,M,27,172.7,67.3,40.9,90.5,73.3,92.2,71.9,45.8,,,
sizkorea_m072,m072,M072,M072,sizkorea_m072_front.jpg,sizkorea_m072_side.jpg,ml/body_measurement/data/people/sizkorea_m072_front.jpg,ml/body_measurement/data/people/sizkorea_m072_side.jpg,ml/body_measurement/data/raw_test_data/M072_profile.csv,M,65,164.3,66.2,37.3,88.8,83.5,92.6,73.4,42.9,,,
sizkorea_m076,m076,M076,M076,sizkorea_m076_front.jpg,sizkorea_m076_side.jpg,ml/body_measurement/data/people/sizkorea_m076_front.jpg,ml/body_measurement/data/people/sizkorea_m076_side.jpg,ml/body_measurement/data/raw_test_data/M076_profile.csv,M,46,164.6,69.2,36.3,93.5,82.8,97.5,69.9,40.4,,,
sizkorea_m077,m077,M077,M077,sizkorea_m077_front.jpg,sizkorea_m077_side.jpg,ml/body_measurement/data/people/sizkorea_m077_front.jpg,ml/body_measurement/data/people/sizkorea_m077_side.jpg,ml/body_measurement/data/raw_test_data/M077_profile.csv,M,30,174.1,56.9,38.4,83.8,71.0,86.4,77.3,48.1,,,
sizkorea_m083,m083,M083,M083,sizkorea_m083_front.jpg,sizkorea_m083_side.jpg,ml/body_measurement/data/people/sizkorea_m083_front.jpg,ml/body_measurement/data/people/sizkorea_m083_side.jpg,ml/body_measurement/data/raw_test_data/M083_profile.csv,M,31,169.7,64.5,41.3,89.3,73.2,90.0,76.9,46.2,,,
sizkorea_m084,m084,M084,M084,sizkorea_m084_front.jpg,sizkorea_m084_side.jpg,ml/body_measurement/data/people/sizkorea_m084_front.jpg,ml/body_measurement/data/people/sizkorea_m084_side.jpg,ml/body_measurement/data/raw_test_data/M084_profile.csv,M,21,173.3,62.2,40.4,89.4,70.7,91.0,77.4,46.4,,,
sizkorea_m086,m086,M086,M086,sizkorea_m086_front.jpg,sizkorea_m086_side.jpg,ml/body_measurement/data/people/sizkorea_m086_front.jpg,ml/body_measurement/data/people/sizkorea_m086_side.jpg,ml/body_measurement/data/raw_test_data/M086_profile.csv,M,27,176.7,55.8,41.1,85.9,61.7,85.3,80.4,47.8,,,
sizkorea_m088,m088,M088,M088,sizkorea_m088_front.jpg,sizkorea_m088_side.jpg,ml/body_measurement/data/people/sizkorea_m088_front.jpg,ml/body_measurement/data/people/sizkorea_m088_side.jpg,ml/body_measurement/data/raw_test_data/M088_profile.csv,M,34,163.1,74.0,42.0,98.6,89.0,97.4,71.6,42.4,,,
sizkorea_m090,m090,M090,M090,sizkorea_m090_front.jpg,sizkorea_m090_side.jpg,ml/body_measurement/data/people/sizkorea_m090_front.jpg,ml/body_measurement/data/people/sizkorea_m090_side.jpg,ml/body_measurement/data/raw_test_data/M090_profile.csv,M,22,178.5,85.6,43.3,99.2,91.0,99.0,79.0,47.8,,,
sizkorea_m093,m093,M093,M093,sizkorea_m093_front.jpg,sizkorea_m093_side.jpg,ml/body_measurement/data/people/sizkorea_m093_front.jpg,ml/body_measurement/data/people/sizkorea_m093_side.jpg,ml/body_measurement/data/raw_test_data/M093_profile.csv,M,33,170.6,63.6,40.6,91.1,81.0,87.5,77.4,46.9,,,
sizkorea_m094,m094,M094,M094,sizkorea_m094_front.jpg,sizkorea_m094_side.jpg,ml/body_measurement/data/people/sizkorea_m094_front.jpg,ml/body_measurement/data/people/sizkorea_m094_side.jpg,ml/body_measurement/data/raw_test_data/M094_profile.csv,M,23,168.1,68.4,36.6,95.2,82.9,92.8,74.4,44.6,,,
sizkorea_m095,m095,M095,M095,sizkorea_m095_front.jpg,sizkorea_m095_side.jpg,ml/body_measurement/data/people/sizkorea_m095_front.jpg,ml/body_measurement/data/people/sizkorea_m095_side.jpg,ml/body_measurement/data/raw_test_data/M095_profile.csv,M,52,172.8,65.8,41.4,91.8,81.2,87.0,74.9,45.5,,,
sizkorea_m099,m099,M099,M090,sizkorea_m099_front.jpg,sizkorea_m099_side.jpg,ml/body_measurement/data/people/sizkorea_m099_front.jpg,ml/body_measurement/data/people/sizkorea_m099_side.jpg,ml/body_measurement/data/raw_test_data/M099_profile.csv,M,20,175.6,53.4,39.8,81.3,61.3,85.0,75.9,44.0,,,
sizkorea_m116,m116,M116,M116,sizkorea_m116_front.jpg,sizkorea_m116_side.jpg,ml/body_measurement/data/people/sizkorea_m116_front.jpg,ml/body_measurement/data/people/sizkorea_m116_side.jpg,ml/body_measurement/data/raw_test_data/M116_profile.csv,M,29,172.6,73.8,41.4,95.5,85.8,95.8,78.9,48.4,,,
sizkorea_m119,m119,M119,M119,sizkorea_m119_front.jpg,sizkorea_m119_side.jpg,ml/body_measurement/data/people/sizkorea_m119_front.jpg,ml/body_measurement/data/people/sizkorea_m119_side.jpg,ml/body_measurement/data/raw_test_data/M119_profile.csv,M,30,165.6,68.4,41.6,98.1,73.1,92.0,74.6,45.2,,,
sizkorea_m120,m120,M120,M120,sizkorea_m120_front.jpg,sizkorea_m120_side.jpg,ml/body_measurement/data/people/sizkorea_m120_front.jpg,ml/body_measurement/data/people/sizkorea_m120_side.jpg,ml/body_measurement/data/raw_test_data/M120_profile.csv,M,69,165.2,76.4,38.2,97.4,99.8,97.6,72.9,39.9,,,
sizkorea_m133,m133,M133,M133,sizkorea_m133_front.jpg,sizkorea_m133_side.jpg,ml/body_measurement/data/people/sizkorea_m133_front.jpg,ml/body_measurement/data/people/sizkorea_m133_side.jpg,ml/body_measurement/data/raw_test_data/M133_profile.csv,M,46,175.4,76.8,42.1,88.9,83.5,95.5,80.4,46.0,,,
sizkorea_m138,m138,M138,M138,sizkorea_m138_front.jpg,sizkorea_m138_side.jpg,ml/body_measurement/data/people/sizkorea_m138_front.jpg,ml/body_measurement/data/people/sizkorea_m138_side.jpg,ml/body_measurement/data/raw_test_data/M138_profile.csv,M,24,168.4,58.8,41.4,85.6,70.7,85.5,76.2,42.9,,,
sizkorea_m143,m143,M143,M143,sizkorea_m143_front.jpg,sizkorea_m143_side.jpg,ml/body_measurement/data/people/sizkorea_m143_front.jpg,ml/body_measurement/data/people/sizkorea_m143_side.jpg,ml/body_measurement/data/raw_test_data/M143_profile.csv,M,59,169.5,55.7,35.6,84.2,72.6,83.8,76.4,48.7,,,
sizkorea_m149,m149,M149,M149,sizkorea_m149_front.jpg,sizkorea_m149_side.jpg,ml/body_measurement/data/people/sizkorea_m149_front.jpg,ml/body_measurement/data/people/sizkorea_m149_side.jpg,ml/body_measurement/data/raw_test_data/M149_profile.csv,M,49,173.6,57.6,37.7,79.5,70.3,86.7,79.6,47.9,,,
sizkorea_m151,m151,M151,M151,sizkorea_m151_front.jpg,sizkorea_m151_side.jpg,ml/body_measurement/data/people/sizkorea_m151_front.jpg,ml/body_measurement/data/people/sizkorea_m151_side.jpg,ml/body_measurement/data/raw_test_data/M151_profile.csv,M,38,172.9,71.7,39.7,93.7,83.2,93.1,76.5,44.2,,,
sizkorea_m156,m156,M156,M156,sizkorea_m156_front.jpg,sizkorea_m156_side.jpg,ml/body_measurement/data/people/sizkorea_m156_front.jpg,ml/body_measurement/data/people/sizkorea_m156_side.jpg,ml/body_measurement/data/raw_test_data/M156_profile.csv,M,29,172.2,66.0,38.4,87.4,78.5,89.5,77.0,43.6,,,
sizkorea_m158,m158,M158,M158,sizkorea_m158_front.jpg,sizkorea_m158_side.jpg,ml/body_measurement/data/people/sizkorea_m158_front.jpg,ml/body_measurement/data/people/sizkorea_m158_side.jpg,ml/body_measurement/data/raw_test_data/M158_profile.csv,M,38,177.9,77.8,40.9,57.3,86.2,95.3,75.9,48.3,,,
sizkorea_m160,m160,M160,M160,sizkorea_m160_front.jpg,sizkorea_m160_side.jpg,ml/body_measurement/data/people/sizkorea_m160_front.jpg,ml/body_measurement/data/people/sizkorea_m160_side.jpg,ml/body_measurement/data/raw_test_data/M160_profile.csv,M,40,166.0,60.7,39.5,87.0,77.1,89.7,73.3,42.2,,,
sizkorea_m163,m163,M163,M163,sizkorea_m163_front.jpg,sizkorea_m163_side.jpg,ml/body_measurement/data/people/sizkorea_m163_front.jpg,ml/body_measurement/data/people/sizkorea_m163_side.jpg,ml/body_measurement/data/raw_test_data/M163_profile.csv,M,62,170.9,54.5,38.5,8.2,73.2,84.5,76.5,47.0,,,
sizkorea_m164,m164,M164,M164,sizkorea_m164_front.jpg,sizkorea_m164_side.jpg,ml/body_measurement/data/people/sizkorea_m164_front.jpg,ml/body_measurement/data/people/sizkorea_m164_side.jpg,ml/body_measurement/data/raw_test_data/M164_profile.csv,M,44,166.7,72.9,41.6,95.0,91.5,92.5,72.8,41.6,,,
sizkorea_m168,m168,M168,M168,sizkorea_m168_front.jpg,sizkorea_m168_side.jpg,ml/body_measurement/data/people/sizkorea_m168_front.jpg,ml/body_measurement/data/people/sizkorea_m168_side.jpg,ml/body_measurement/data/raw_test_data/M168_profile.csv,M,28,176.2,67.5,40.3,93.0,74.4,92.5,79.2,46.6,,,
sizkorea_m170,m170,M170,M170,sizkorea_m170_front.jpg,sizkorea_m170_side.jpg,ml/body_measurement/data/people/sizkorea_m170_front.jpg,ml/body_measurement/data/people/sizkorea_m170_side.jpg,ml/body_measurement/data/raw_test_data/M170_profile.csv,M,30,174.8,70.2,40.7,93.6,78.2,90.8,75.2,46.0,,,
sizkorea_m173,m173,M173,M173,sizkorea_m173_front.jpg,sizkorea_m173_side.jpg,ml/body_measurement/data/people/sizkorea_m173_front.jpg,ml/body_measurement/data/people/sizkorea_m173_side.jpg,ml/body_measurement/data/raw_test_data/M173_profile.csv,M,35,172.3,62.6,37.3,86.1,78.5,89.3,78.9,45.6,,,
sizkorea_m176,m176,M176,M176,sizkorea_m176_front.jpg,sizkorea_m176_side.jpg,ml/body_measurement/data/people/sizkorea_m176_front.jpg,ml/body_measurement/data/people/sizkorea_m176_side.jpg,ml/body_measurement/data/raw_test_data/M176_profile.csv,M,22,171.2,76.5,39.9,97.8,76.9,96.5,76.7,46.9,,,
sizkorea_m178,m178,M178,M178,sizkorea_m178_front.jpg,sizkorea_m178_side.jpg,ml/body_measurement/data/people/sizkorea_m178_front.jpg,ml/body_measurement/data/people/sizkorea_m178_side.jpg,ml/body_measurement/data/raw_test_data/M178_profile.csv,M,22,168.5,59.5,39.7,84.0,68.3,87.0,76.6,45.3,,,
sizkorea_m181,m181,M181,M181,sizkorea_m181_front.jpg,sizkorea_m181_side.jpg,ml/body_measurement/data/people/sizkorea_m181_front.jpg,ml/body_measurement/data/people/sizkorea_m181_side.jpg,ml/body_measurement/data/raw_test_data/M181_profile.csv,M,35,165.4,60.5,36.9,85.0,74.2,86.9,73.4,44.9,,,
sizkorea_m184,m184,M184,M184,sizkorea_m184_front.jpg,sizkorea_m184_side.jpg,ml/body_measurement/data/people/sizkorea_m184_front.jpg,ml/body_measurement/data/people/sizkorea_m184_side.jpg,ml/body_measurement/data/raw_test_data/M184_profile.csv,M,35,167.7,68.8,42.0,103.7,76.0,89.8,75.1,43.7,,,
sizkorea_m187,m187,M187,M187,sizkorea_m187_front.jpg,sizkorea_m187_side.jpg,ml/body_measurement/data/people/sizkorea_m187_front.jpg,ml/body_measurement/data/people/sizkorea_m187_side.jpg,ml/body_measurement/data/raw_test_data/M187_profile.csv,M,23,165.0,57.6,39.5,82.8,70.1,88.4,71.9,41.2,,,
sizkorea_m189,m189,M189,M189,sizkorea_m189_front.jpg,sizkorea_m189_side.jpg,ml/body_measurement/data/people/sizkorea_m189_front.jpg,ml/body_measurement/data/people/sizkorea_m189_side.jpg,ml/body_measurement/data/raw_test_data/M189_profile.csv,M,25,179.5,66.4,42.5,89.2,71.3,93.5,78.9,48.2,,,
sizkorea_m195,m195,M195,M195,sizkorea_m195_front.jpg,sizkorea_m195_side.jpg,ml/body_measurement/data/people/sizkorea_m195_front.jpg,ml/body_measurement/data/people/sizkorea_m195_side.jpg,ml/body_measurement/data/raw_test_data/M195_profile.csv,M,53,158.0,60.2,37.7,88.7,77.8,87.5,66.5,33.8,,,
sizkorea_m211,m211,M211,M211,sizkorea_m211_front.jpg,sizkorea_m211_side.jpg,ml/body_measurement/data/people/sizkorea_m211_front.jpg,ml/body_measurement/data/people/sizkorea_m211_side.jpg,ml/body_measurement/data/raw_test_data/M211_profile.csv,M,43,178.9,68.1,41.0,88.1,77.4,92.0,83.5,46.8,,,
sizkorea_m215,m215,M215,M215,sizkorea_m215_front.jpg,sizkorea_m215_side.jpg,ml/body_measurement/data/people/sizkorea_m215_front.jpg,ml/body_measurement/data/people/sizkorea_m215_side.jpg,ml/body_measurement/data/raw_test_data/M215_profile.csv,M,23,175.1,69.0,39.9,93.9,78.3,94.6,78.9,45.5,,,
sizkorea_m216,m216,M216,M216,sizkorea_m216_front.jpg,sizkorea_m216_side.jpg,ml/body_measurement/data/people/sizkorea_m216_front.jpg,ml/body_measurement/data/people/sizkorea_m216_side.jpg,ml/body_measurement/data/raw_test_data/M216_profile.csv,M,37,177.0,85.1,40.0,96.7,91.0,101.2,76.5,45.6,,,
sizkorea_m221,m221,M221,M221,sizkorea_m221_front.jpg,sizkorea_m221_side.jpg,ml/body_measurement/data/people/sizkorea_m221_front.jpg,ml/body_measurement/data/people/sizkorea_m221_side.jpg,ml/body_measurement/data/raw_test_data/M221_profile.csv,M,30,170.5,58.6,40.3,82.2,71.0,87.3,74.3,41.6,,,
sizkorea_m225,m225,M225,M225,sizkorea_m225_front.jpg,sizkorea_m225_side.jpg,ml/body_measurement/data/people/sizkorea_m225_front.jpg,ml/body_measurement/data/people/sizkorea_m225_side.jpg,ml/body_measurement/data/raw_test_data/M225_profile.csv,M,27,168.5,71.2,38.5,95.4,79.7,96.0,72.0,43.2,,,
sizkorea_m226,m226,M226,M226,sizkorea_m226_front.jpg,sizkorea_m226_side.jpg,ml/body_measurement/data/people/sizkorea_m226_front.jpg,ml/body_measurement/data/people/sizkorea_m226_side.jpg,ml/body_measurement/data/raw_test_data/M226_profile.csv,M,27,163.5,77.1,41.7,102.7,87.2,96.5,70.0,42.2,,,
sizkorea_m231,m231,M231,M231,sizkorea_m231_front.jpg,sizkorea_m231_side.jpg,ml/body_measurement/data/people/sizkorea_m231_front.jpg,ml/body_measurement/data/people/sizkorea_m231_side.jpg,ml/body_measurement/data/raw_test_data/M231_profile.csv,M,27,168.3,62.1,38.6,81.5,76.4,90.3,72.5,43.8,,,
sizkorea_m242,m242,M242,M242,sizkorea_m242_front.jpg,sizkorea_m242_side.jpg,ml/body_measurement/data/people/sizkorea_m242_front.jpg,ml/body_measurement/data/people/sizkorea_m242_side.jpg,ml/body_measurement/data/raw_test_data/M242_profile.csv,M,34,167.6,74.0,42.8,93.6,87.6,94.6,74.6,44.9,,,
sizkorea_m265,m265,M265,M265,sizkorea_m265_front.jpg,sizkorea_m265_side.jpg,ml/body_measurement/data/people/sizkorea_m265_front.jpg,ml/body_measurement/data/people/sizkorea_m265_side.jpg,ml/body_measurement/data/raw_test_data/M265_profile.csv,M,29,168.2,60.1,36.4,85.5,72.8,84.3,73.3,44.0,,,
sizkorea_m270,m270,M270,M270,sizkorea_m270_front.jpg,sizkorea_m270_side.jpg,ml/body_measurement/data/people/sizkorea_m270_front.jpg,ml/body_measurement/data/people/sizkorea_m270_side.jpg,ml/body_measurement/data/raw_test_data/M270_profile.csv,M,24,175.1,68.4,38.3,92.7,73.3,92.6,80.4,46.4,,,
sizkorea_m272,m272,M272,M272,sizkorea_m272_front.jpg,sizkorea_m272_side.jpg,ml/body_measurement/data/people/sizkorea_m272_front.jpg,ml/body_measurement/data/people/sizkorea_m272_side.jpg,ml/body_measurement/data/raw_test_data/M272_profile.csv,M,27,179.0,73.1,41.1,89.6,81.9,99.9,80.7,47.3,,,
sizkorea_m279,m279,M279,M279,sizkorea_m279_front.jpg,sizkorea_m279_side.jpg,ml/body_measurement/data/people/sizkorea_m279_front.jpg,ml/body_measurement/data/people/sizkorea_m279_side.jpg,ml/body_measurement/data/raw_test_data/M279_profile.csv,M,39,168.7,63.7,36.9,85.3,74.6,92.4,75.7,44.3,,,
sizkorea_m284,m284,M284,M284,sizkorea_m284_front.jpg,sizkorea_m284_side.jpg,ml/body_measurement/data/people/sizkorea_m284_front.jpg,ml/body_measurement/data/people/sizkorea_m284_side.jpg,ml/body_measurement/data/raw_test_data/M284_profile.csv,M,30,164.3,62.6,34.2,89.9,76.0,88.0,71.6,44.3,,,
sizkorea_m288,m288,M288,M288,sizkorea_m288_front.jpg,sizkorea_m288_side.jpg,ml/body_measurement/data/people/sizkorea_m288_front.jpg,ml/body_measurement/data/people/sizkorea_m288_side.jpg,ml/body_measurement/data/raw_test_data/M288_profile.csv,M,55,167.4,74.6,38.7,100.3,88.0,96.4,72.4,43.0,,,
sizkorea_m290,m290,M290,M290,sizkorea_m290_front.jpg,sizkorea_m290_side.jpg,ml/body_measurement/data/people/sizkorea_m290_front.jpg,ml/body_measurement/data/people/sizkorea_m290_side.jpg,ml/body_measurement/data/raw_test_data/M290_profile.csv,M,30,174.6,61.4,37.8,83.3,71.9,87.4,80.6,47.7,,,
sizkorea_m292,m292,M292,M292,sizkorea_m292_front.jpg,sizkorea_m292_side.jpg,ml/body_measurement/data/people/sizkorea_m292_front.jpg,ml/body_measurement/data/people/sizkorea_m292_side.jpg,ml/body_measurement/data/raw_test_data/M292_profile.csv,M,30,177.8,64.8,41.9,84.8,75.2,85.5,81.0,45.7,,,
sizkorea_m295,m295,M295,M295,sizkorea_m295_front.jpg,sizkorea_m295_side.jpg,ml/body_measurement/data/people/sizkorea_m295_front.jpg,ml/body_measurement/data/people/sizkorea_m295_side.jpg,ml/body_measurement/data/raw_test_data/M295_profile.csv,M,36,177.8,74.8,40.4,93.5,79.3,94.8,79.6,45.7,,,
sizkorea_m300,m300,M300,M300,sizkorea_m300_front.jpg,sizkorea_m300_side.jpg,ml/body_measurement/data/people/sizkorea_m300_front.jpg,ml/body_measurement/data/people/sizkorea_m300_side.jpg,ml/body_measurement/data/raw_test_data/M300_profile.csv,M,63,170.4,56.9,35.1,83.5,69.9,85.5,70.8,43.4,,,
sizkorea_m302,m302,M302,M302,sizkorea_m302_front.jpg,sizkorea_m302_side.jpg,ml/body_measurement/data/people/sizkorea_m302_front.jpg,ml/body_measurement/data/people/sizkorea_m302_side.jpg,ml/body_measurement/data/raw_test_data/M302_profile.csv,M,24,167.3,88.5,37.4,108.0,99.5,105.1,69.9,41.7,,,
sizkorea_m309,m309,M309,M309,sizkorea_m309_front.jpg,sizkorea_m309_side.jpg,ml/body_measurement/data/people/sizkorea_m309_front.jpg,ml/body_measurement/data/people/sizkorea_m309_side.jpg,ml/body_measurement/data/raw_test_data/M309_profile.csv,M,58,165.5,57.1,35.0,82.4,74.7,88.9,70.1,43.4,,,
sizkorea_m332,m332,M332,M332,sizkorea_m332_front.jpg,sizkorea_m332_side.jpg,ml/body_measurement/data/people/sizkorea_m332_front.jpg,ml/body_measurement/data/people/sizkorea_m332_side.jpg,ml/body_measurement/data/raw_test_data/M332_profile.csv,M,53,171.2,79.2,39.4,101.6,92.0,94.5,74.7,44.6,,,
sizkorea_m336,m336,M336,M336,sizkorea_m336_front.jpg,sizkorea_m336_side.jpg,ml/body_measurement/data/people/sizkorea_m336_front.jpg,ml/body_measurement/data/people/sizkorea_m336_side.jpg,ml/body_measurement/data/raw_test_data/M336_profile.csv,M,27,164.7,62.5,35.6,86.3,76.1,91.0,71.6,42.5,,,
sizkorea_m346,m346,M346,M346,sizkorea_m346_front.jpg,sizkorea_m346_side.jpg,ml/body_measurement/data/people/sizkorea_m346_front.jpg,ml/body_measurement/data/people/sizkorea_m346_side.jpg,ml/body_measurement/data/raw_test_data/M346_profile.csv,M,66,171.1,83.4,42.8,102.1,97.2,100.2,71.7,44.3,,,
sizkorea_m356,m356,M356,M356,sizkorea_m356_front.jpg,sizkorea_m356_side.jpg,ml/body_measurement/data/people/sizkorea_m356_front.jpg,ml/body_measurement/data/people/sizkorea_m356_side.jpg,ml/body_measurement/data/raw_test_data/M356_profile.csv,M,35,179.3,81.7,40.9,95.6,83.7,98.4,79.2,47.4,,,
sizkorea_m360,m360,M360,M360,sizkorea_m360_front.jpg,sizkorea_m360_side.jpg,ml/body_measurement/data/people/sizkorea_m360_front.jpg,ml/body_measurement/data/people/sizkorea_m360_side.jpg,ml/body_measurement/data/raw_test_data/M360_profile.csv,M,56,172.8,105.6,40.7,113.4,116.5,109.5,70.3,46.1,,,
sizkorea_m369,m369,M369,M369,sizkorea_m369_front.jpg,sizkorea_m369_side.jpg,ml/body_measurement/data/people/sizkorea_m369_front.jpg,ml/body_measurement/data/people/sizkorea_m369_side.jpg,ml/body_measurement/data/raw_test_data/M369_profile.csv,M,36,174.3,63.8,37.0,88.9,76.1,91.0,77.8,47.2,,,
sizkorea_m385,m385,M385,M385,sizkorea_m385_front.jpg,sizkorea_m385_side.jpg,ml/body_measurement/data/people/sizkorea_m385_front.jpg,ml/body_measurement/data/people/sizkorea_m385_side.jpg,ml/body_measurement/data/raw_test_data/M385_profile.csv,M,65,160.4,57.2,36.6,87.1,80.3,85.4,67.9,41.3,,,
sizkorea_m404,m404,M404,M404,sizkorea_m404_front.jpg,sizkorea_m404_side.jpg,ml/body_measurement/data/people/sizkorea_m404_front.jpg,ml/body_measurement/data/people/sizkorea_m404_side.jpg,ml/body_measurement/data/raw_test_data/M404_profile.csv,M,44,174.7,83.7,40.1,101.8,91.2,101.2,73.6,44.5,,,
sizkorea_m406,m406,M406,M406,sizkorea_m406_front.jpg,sizkorea_m406_side.jpg,ml/body_measurement/data/people/sizkorea_m406_front.jpg,ml/body_measurement/data/people/sizkorea_m406_side.jpg,ml/body_measurement/data/raw_test_data/M406_profile.csv,M,59,162.3,74.4,37.6,97.3,95.1,94.1,68.7,44.2,,,
sizkorea_m407,m407,M407,M407,sizkorea_m407_front.jpg,sizkorea_m407_side.jpg,ml/body_measurement/data/people/sizkorea_m407_front.jpg,ml/body_measurement/data/people/sizkorea_m407_side.jpg,ml/body_measurement/data/raw_test_data/M407_profile.csv,M,43,171.2,68.1,36.8,93.2,78.1,92.8,75.7,46.3,,,
sizkorea_m412,m412,M412,M412,sizkorea_m412_front.jpg,sizkorea_m412_side.jpg,ml/body_measurement/data/people/sizkorea_m412_front.jpg,ml/body_measurement/data/people/sizkorea_m412_side.jpg,ml/body_measurement/data/raw_test_data/M412_profile.csv,M,32,176.8,77.6,39.1,95.8,83.7,99.5,76.0,45.3,,,
sizkorea_m417,m417,M417,M417,sizkorea_m417_front.jpg,sizkorea_m417_side.jpg,ml/body_measurement/data/people/sizkorea_m417_front.jpg,ml/body_measurement/data/people/sizkorea_m417_side.jpg,ml/body_measurement/data/raw_test_data/M417_profile.csv,M,75,154.7,59.0,34.8,88.2,85.7,89.6,66.6,40.9,,,
sizkorea_m419,m419,M419,M419,sizkorea_m419_front.jpg,sizkorea_m419_side.jpg,ml/body_measurement/data/people/sizkorea_m419_front.jpg,ml/body_measurement/data/people/sizkorea_m419_side.jpg,ml/body_measurement/data/raw_test_data/M419_profile.csv,M,51,171.4,68.7,40.8,93.7,84.6,87.9,72.7,46.5,,,
sizkorea_m424,m424,M424,M424,sizkorea_m424_front.jpg,sizkorea_m424_side.jpg,ml/body_measurement/data/people/sizkorea_m424_front.jpg,ml/body_measurement/data/people/sizkorea_m424_side.jpg,ml/body_measurement/data/raw_test_data/M424_profile.csv,M,66,167.3,65.5,36.7,95.3,85.6,89.5,72.7,45.8,,,
sizkorea_m454,m454,M454,M454,sizkorea_m454_front.jpg,sizkorea_m454_side.jpg,ml/body_measurement/data/people/sizkorea_m454_front.jpg,ml/body_measurement/data/people/sizkorea_m454_side.jpg,ml/body_measurement/data/raw_test_data/M454_profile.csv,M,73,159.9,54.0,35.5,79.8,71.7,85.7,71.0,42.0,,,
sizkorea_m456,m456,M456,M456,sizkorea_m456_front.jpg,sizkorea_m456_side.jpg,ml/body_measurement/data/people/sizkorea_m456_front.jpg,ml/body_measurement/data/people/sizkorea_m456_side.jpg,ml/body_measurement/data/raw_test_data/M456_profile.csv,M,75,161.8,54.6,38.6,84.2,79.0,88.2,69.8,43.6,,,
sizkorea_m460,m460,M460,M460,sizkorea_m460_front.jpg,sizkorea_m460_side.jpg,ml/body_measurement/data/people/sizkorea_m460_front.jpg,ml/body_measurement/data/people/sizkorea_m460_side.jpg,ml/body_measurement/data/raw_test_data/M460_profile.csv,M,73,175.2,65.6,41.1,92.7,81.8,92.3,76.6,46.8,,,
sizkorea_m463,m463,M463,M463,sizkorea_m463_front.jpg,sizkorea_m463_side.jpg,ml/body_measurement/data/people/sizkorea_m463_front.jpg,ml/body_measurement/data/people/sizkorea_m463_side.jpg,ml/body_measurement/data/raw_test_data/M463_profile.csv,M,77,162.1,46.9,36.2,81.3,74.8,82.5,69.0,40.2,,,
sizkorea_m465,m465,M465,M465,sizkorea_m465_front.jpg,sizkorea_m465_side.jpg,ml/body_measurement/data/people/sizkorea_m465_front.jpg,ml/body_measurement/data/people/sizkorea_m465_side.jpg,ml/body_measurement/data/raw_test_data/M465_profile.csv,M,67,159.5,66.7,35.5,93.1,89.7,91.6,66.3,41.8,,,
sizkorea_m468,m468,M468,M468,sizkorea_m468_front.jpg,sizkorea_m468_side.jpg,ml/body_measurement/data/people/sizkorea_m468_front.jpg,ml/body_measurement/data/people/sizkorea_m468_side.jpg,ml/body_measurement/data/raw_test_data/M468_profile.csv,M,27,168.8,80.9,37.4,100.7,98.0,102.9,71.1,43.1,,,
sizkorea_m470,m470,M470,M470,sizkorea_m470_front.jpg,sizkorea_m470_side.jpg,ml/body_measurement/data/people/sizkorea_m470_front.jpg,ml/body_measurement/data/people/sizkorea_m470_side.jpg,ml/body_measurement/data/raw_test_data/M470_profile.csv,M,26,170.5,56.0,38.2,84.3,69.7,83.2,79.0,44.7,,,
sizkorea_m472,m472,M472,M472,sizkorea_m472_front.jpg,sizkorea_m472_side.jpg,ml/body_measurement/data/people/sizkorea_m472_front.jpg,ml/body_measurement/data/people/sizkorea_m472_side.jpg,ml/body_measurement/data/raw_test_data/M472_profile.csv,M,59,177.2,73.9,40.2,95.2,86.3,96.2,79.6,46.9,,,
sizkorea_m476,m476,M476,M476,sizkorea_m476_front.jpg,sizkorea_m476_side.jpg,ml/body_measurement/data/people/sizkorea_m476_front.jpg,ml/body_measurement/data/people/sizkorea_m476_side.jpg,ml/body_measurement/data/raw_test_data/M476_profile.csv,M,58,165.4,65.9,37.5,92.4,83.6,89.8,73.1,42.0,,,
sizkorea_m481,m481,M481,M481,sizkorea_m481_front.jpg,sizkorea_m481_side.jpg,ml/body_measurement/data/people/sizkorea_m481_front.jpg,ml/body_measurement/data/people/sizkorea_m481_side.jpg,ml/body_measurement/data/raw_test_data/M481_profile.csv,M,76,159.9,64.3,37.4,97.2,91.3,92.2,70.2,41.2,,,
sizkorea_m497,m497,M497,M497,sizkorea_m497_front.jpg,sizkorea_m497_side.jpg,ml/body_measurement/data/people/sizkorea_m497_front.jpg,ml/body_measurement/data/people/sizkorea_m497_side.jpg,ml/body_measurement/data/raw_test_data/M497_profile.csv,M,75,157.4,63.9,37.5,90.3,87.0,95.6,67.9,42.6,,,
