subject_id,model_no,profile_model_no,gender,age,height,weight,shoulder,chest,waist,hip,thigh_length,calf_length,torso_length,leg_length,neck_length,thigh_calf_ratio,torso_leg_ratio,crotch_height,knee_height,source_profile,ground_truth_note
sizkorea_f010,F010,F010,F,33.0,167.1,52.3,36.4,86.1,65.7,92.2,33.3,,,,,,,77.8,44.5,ml/body_measurement/data/raw_test_data/F010_profile.csv,"same-image profile has crotch/knee heights for thigh_length; ankle, shoulder-height-to-pelvis-point, and front-neck landmarks are unavailable"
sizkorea_f017,F017,F017,F,44.0,167.6,74.1,37.8,105.0,90.4,98.3,28.800000000000004,,,,,,,72.2,43.4,ml/body_measurement/data/raw_test_data/F017_profile.csv,"same-image profile has crotch/knee heights for thigh_length; ankle, shoulder-height-to-pelvis-point, and front-neck landmarks are unavailable"
sizkorea_f020,F020,F020,F,63.0,153.3,58.5,35.7,92.7,80.3,97.4,25.299999999999997,,,,,,,63.5,38.2,ml/body_measurement/data/raw_test_data/F020_profile.csv,"same-image profile has crotch/knee heights for thigh_length; ankle, shoulder-height-to-pelvis-point, and front-neck landmarks are unavailable"
sizkorea_f031,F031,F031,F,39.0,167.4,59.0,35.8,90.6,75.6,95.5,32.3,,,,,,,75.0,42.7,ml/body_measurement/data/raw_test_data/F031_profile.csv,"same-image profile has crotch/knee heights for thigh_length; ankle, shoulder-height-to-pelvis-point, and front-neck landmarks are unavailable"
sizkorea_f041,F041,F041,F,35.0,156.9,51.3,33.9,83.7,66.0,94.6,27.200000000000003,,,,,,,67.0,39.8,ml/body_measurement/data/raw_test_data/F041_profile.csv,"same-image profile has crotch/knee heights for thigh_length; ankle, shoulder-height-to-pelvis-point, and front-neck landmarks are unavailable"
sizkorea_f043,F043,F043,F,23.0,153.6,49.8,33.5,84.3,68.9,88.0,27.4,,,,,,,65.8,38.4,ml/body_measurement/data/raw_test_data/F043_profile.csv,"same-image profile has crotch/knee heights for thigh_length; ankle, shoulder-height-to-pelvis-point, and front-neck landmarks are unavailable"
sizkorea_f051,F051,F051,F,49.0,169.9,64.5,35.2,87.7,76.6,100.0,30.299999999999997,,,,,,,75.0,44.7,ml/body_measurement/data/raw_test_data/F051_profile.csv,"same-image profile has crotch/knee heights for thigh_length; ankle, shoulder-height-to-pelvis-point, and front-neck landmarks are unavailable"
sizkorea_f057,F057,F057,F,35.0,161.6,65.0,35.4,90.0,78.4,105.4,28.300000000000004,,,,,,,67.7,39.4,ml/body_measurement/data/raw_test_data/F057_profile.csv,"same-image profile has crotch/knee heights for thigh_length; ankle, shoulder-height-to-pelvis-point, and front-neck landmarks are unavailable"
sizkorea_f061,F061,F061,F,29.0,166.7,60.2,37.6,88.8,73.7,97.0,31.799999999999997,,,,,,,75.6,43.8,ml/body_measurement/data/raw_test_data/F061_profile.csv,"same-image profile has crotch/knee heights for thigh_length; ankle, shoulder-height-to-pelvis-point, and front-neck landmarks are unavailable"
sizkorea_f063,F063,F063,F,37.0,164.5,54.5,37.2,85.6,71.7,93.0,30.499999999999993,,,,,,,72.1,41.6,ml/body_measurement/data/raw_test_data/F063_profile.csv,"same-image profile has crotch/knee heights for thigh_length; ankle, shoulder-height-to-pelvis-point, and front-neck landmarks are unavailable"
sizkorea_f071,F071,F071,F,48.0,166.5,90.1,35.4,103.3,89.7,109.2,29.60000000000001,,,,,,,71.4,41.8,ml/body_measurement/data/raw_test_data/F071_profile.csv,"same-image profile has crotch/knee heights for thigh_length; ankle, shoulder-height-to-pelvis-point, and front-neck landmarks are unavailable"
sizkorea_f072,F072,F072,F,49.0,154.9,55.2,36.8,89.7,75.0,93.6,25.1,,,,,,,64.7,39.6,ml/body_measurement/data/raw_test_data/F072_profile.csv,"same-image profile has crotch/knee heights for thigh_length; ankle, shoulder-height-to-pelvis-point, and front-neck landmarks are unavailable"
sizkorea_f073,F073,F073,F,26.0,161.7,59.7,35.4,80.1,71.0,96.0,31.700000000000003,,,,,,,73.0,41.3,ml/body_measurement/data/raw_test_data/F073_profile.csv,"same-image profile has crotch/knee heights for thigh_length; ankle, shoulder-height-to-pelvis-point, and front-neck landmarks are unavailable"
sizkorea_f075,F075,F075,F,49.0,161.6,76.3,37.9,105.3,89.1,104.4,29.39999999999999,,,,,,,71.1,41.7,ml/body_measurement/data/raw_test_data/F075_profile.csv,"same-image profile has crotch/knee heights for thigh_length; ankle, shoulder-height-to-pelvis-point, and front-neck landmarks are unavailable"
sizkorea_f090,F090,F090,F,34.0,157.2,49.6,32.3,85.0,66.8,90.0,30.0,,,,,,,69.5,39.5,ml/body_measurement/data/raw_test_data/F090_profile.csv,"same-image profile has crotch/knee heights for thigh_length; ankle, shoulder-height-to-pelvis-point, and front-neck landmarks are unavailable"
sizkorea_f093,F093,F093,F,44.0,172.2,60.1,37.4,83.6,69.4,96.5,33.7,,,,,,,77.4,43.7,ml/body_measurement/data/raw_test_data/F093_profile.csv,"same-image profile has crotch/knee heights for thigh_length; ankle, shoulder-height-to-pelvis-point, and front-neck landmarks are unavailable"
sizkorea_f098,F098,F098,F,20.0,169.0,46.7,36.5,76.0,59.5,86.5,34.0,,,,,,,76.3,42.3,ml/body_measurement/data/raw_test_data/F098_profile.csv,"same-image profile has crotch/knee heights for thigh_length; ankle, shoulder-height-to-pelvis-point, and front-neck landmarks are unavailable"
sizkorea_f099,F099,F099,F,55.0,158.5,71.4,35.0,101.5,94.4,105.0,29.299999999999997,,,,,,,69.3,40.0,ml/body_measurement/data/raw_test_data/F099_profile.csv,"same-image profile has crotch/knee heights for thigh_length; ankle, shoulder-height-to-pelvis-point, and front-neck landmarks are unavailable"
sizkorea_f103,F103,F103,F,53.0,162.5,76.6,37.4,101.0,90.5,105.5,27.800000000000004,,,,,,,68.2,40.4,ml/body_measurement/data/raw_test_data/F103_profile.csv,"same-image profile has crotch/knee heights for thigh_length; ankle, shoulder-height-to-pelvis-point, and front-neck landmarks are unavailable"
sizkorea_f111,F111,F111,F,37.0,164.1,59.3,37.4,88.5,74.4,95.9,28.900000000000006,,,,,,,71.4,42.5,ml/body_measurement/data/raw_test_data/F111_profile.csv,"same-image profile has crotch/knee heights for thigh_length; ankle, shoulder-height-to-pelvis-point, and front-neck landmarks are unavailable"
sizkorea_f115,F115,F115,F,34.0,161.4,56.8,32.7,89.1,69.2,95.0,29.099999999999994,,,,,,,68.8,39.7,ml/body_measurement/data/raw_test_data/F115_profile.csv,"same-image profile has crotch/knee heights for thigh_length; ankle, shoulder-height-to-pelvis-point, and front-neck landmarks are unavailable"
sizkorea_f117,F117,F117,F,47.0,169.3,83.1,41.1,110.8,98.5,102.2,28.500000000000007,,,,,,,71.9,43.4,ml/body_measurement/data/raw_test_data/F117_profile.csv,"same-image profile has crotch/knee heights for thigh_length; ankle, shoulder-height-to-pelvis-point, and front-neck landmarks are unavailable"
sizkorea_f120,F120,F120,F,27.0,160.7,52.5,35.9,87.6,68.0,88.6,32.1,,,,,,,72.5,40.4,ml/body_measurement/data/raw_test_data/F120_profile.csv,"same-image profile has crotch/knee heights for thigh_length; ankle, shoulder-height-to-pelvis-point, and front-neck landmarks are unavailable"
sizkorea_f123,F123,F123,F,42.0,163.0,65.9,33.8,94.7,83.5,100.3,31.700000000000003,,,,,,,71.5,39.8,ml/body_measurement/data/raw_test_data/F123_profile.csv,"same-image profile has crotch/knee heights for thigh_length; ankle, shoulder-height-to-pelvis-point, and front-neck landmarks are unavailable"
sizkorea_f125,F125,F125,F,21.0,167.3,59.3,33.9,92.1,68.0,97.1,31.699999999999996,,,,,,,75.3,43.6,ml/body_measurement/data/raw_test_data/F125_profile.csv,"same-image profile has crotch/knee heights for thigh_length; ankle, shoulder-height-to-pelvis-point, and front-neck landmarks are unavailable"
sizkorea_f128,F128,F128,F,38.0,169.3,60.8,36.4,82.8,73.5,96.7,30.9,,,,,,,72.5,41.6,ml/body_measurement/data/raw_test_data/F128_profile.csv,"same-image profile has crotch/knee heights for thigh_length; ankle, shoulder-height-to-pelvis-point, and front-neck landmarks are unavailable"
sizkorea_f145,F145,F145,F,49.0,160.5,62.9,36.6,95.6,77.0,100.6,29.5,,,,,,,71.7,42.2,ml/body_measurement/data/raw_test_data/F145_profile.csv,"same-image profile has crotch/knee heights for thigh_length; ankle, shoulder-height-to-pelvis-point, and front-neck landmarks are unavailable"
sizkorea_f148,F148,F148,F,27.0,162.3,49.8,33.0,85.0,67.0,89.3,32.00000000000001,,,,,,,74.4,42.4,ml/body_measurement/data/raw_test_data/F148_profile.csv,"same-image profile has crotch/knee heights for thigh_length; ankle, shoulder-height-to-pelvis-point, and front-neck landmarks are unavailable"
sizkorea_f153,F153,F153,F,39.0,158.1,45.3,31.3,78.5,66.2,85.3,29.4,,,,,,,70.0,40.6,ml/body_measurement/data/raw_test_data/F153_profile.csv,"same-image profile has crotch/knee heights for thigh_length; ankle, shoulder-height-to-pelvis-point, and front-neck landmarks are unavailable"
sizkorea_f156,F156,F156,F,56.0,158.8,59.5,35.1,95.2,79.3,92.4,28.6,,,,,,,66.0,37.4,ml/body_measurement/data/raw_test_data/F156_profile.csv,"same-image profile has crotch/knee heights for thigh_length; ankle, shoulder-height-to-pelvis-point, and front-neck landmarks are unavailable"
sizkorea_f169,F169,F169,F,28.0,157.0,70.3,32.9,100.2,86.8,104.0,29.099999999999994,,,,,,,69.1,40.0,ml/body_measurement/data/raw_test_data/F169_profile.csv,"same-image profile has crotch/knee heights for thigh_length; ankle, shoulder-height-to-pelvis-point, and front-neck landmarks are unavailable"
sizkorea_f178,F178,F178,F,50.0,156.1,65.8,36.4,93.5,83.4,96.0,25.200000000000003,,,,,,,65.7,40.5,ml/body_measurement/data/raw_test_data/F178_profile.csv,"same-image profile has crotch/knee heights for thigh_length; ankle, shoulder-height-to-pelvis-point, and front-neck landmarks are unavailable"
sizkorea_f187,F187,F187,F,32.0,154.3,50.4,32.2,86.4,65.9,91.7,28.1,,,,,,,66.7,38.6,ml/body_measurement/data/raw_test_data/F187_profile.csv,"same-image profile has crotch/knee heights for thigh_length; ankle, shoulder-height-to-pelvis-point, and front-neck landmarks are unavailable"
sizkorea_f193,F193,F193,F,24.0,158.9,49.1,34.6,79.5,65.3,86.4,29.5,,,,,,,70.5,41.0,ml/body_measurement/data/raw_test_data/F193_profile.csv,"same-image profile has crotch/knee heights for thigh_length; ankle, shoulder-height-to-pelvis-point, and front-neck landmarks are unavailable"
sizkorea_f194,F194,F194,F,39.0,170.4,54.0,36.4,82.8,71.0,91.8,32.800000000000004,,,,,,,76.2,43.4,ml/body_measurement/data/raw_test_data/F194_profile.csv,"same-image profile has crotch/knee heights for thigh_length; ankle, shoulder-height-to-pelvis-point, and front-neck landmarks are unavailable"
sizkorea_f199,F199,F199,F,39.0,161.4,46.7,33.9,78.4,65.9,89.5,30.200000000000003,,,,,,,71.9,41.7,ml/body_measurement/data/raw_test_data/F199_profile.csv,"same-image profile has crotch/knee heights for thigh_length; ankle, shoulder-height-to-pelvis-point, and front-neck landmarks are unavailable"
sizkorea_f203,F203,F203,F,30.0,160.3,59.6,33.3,92.2,79.4,94.0,30.799999999999997,,,,,,,71.5,40.7,ml/body_measurement/data/raw_test_data/F203_profile.csv,"same-image profile has crotch/knee heights for thigh_length; ankle, shoulder-height-to-pelvis-point, and front-neck landmarks are unavailable"
sizkorea_f220,F220,F220,F,48.0,164.6,56.5,32.1,83.0,69.9,94.8,28.700000000000003,,,,,,,71.9,43.2,ml/body_measurement/data/raw_test_data/F220_profile.csv,"same-image profile has crotch/knee heights for thigh_length; ankle, shoulder-height-to-pelvis-point, and front-neck landmarks are unavailable"
sizkorea_f221,F221,F221,F,24.0,161.2,48.6,34.8,82.0,67.0,89.6,32.5,,,,,,,74.5,42.0,ml/body_measurement/data/raw_test_data/F221_profile.csv,"same-image profile has crotch/knee heights for thigh_length; ankle, shoulder-height-to-pelvis-point, and front-neck landmarks are unavailable"
sizkorea_f223,F223,F223,F,50.0,158.7,71.9,36.3,109.5,101.2,95.8,26.299999999999997,,,,,,,68.1,41.8,ml/body_measurement/data/raw_test_data/F223_profile.csv,"same-image profile has crotch/knee heights for thigh_length; ankle, shoulder-height-to-pelvis-point, and front-neck landmarks are unavailable"
sizkorea_f226,F226,F226,F,50.0,162.9,54.7,33.3,87.0,77.5,92.6,30.200000000000003,,,,,,,72.5,42.3,ml/body_measurement/data/raw_test_data/F226_profile.csv,"same-image profile has crotch/knee heights for thigh_length; ankle, shoulder-height-to-pelvis-point, and front-neck landmarks are unavailable"
sizkorea_f233,F233,F233,F,51.0,155.0,61.8,34.6,100.5,84.2,91.2,26.700000000000003,,,,,,,70.5,43.8,ml/body_measurement/data/raw_test_data/F233_profile.csv,"same-image profile has crotch/knee heights for thigh_length; ankle, shoulder-height-to-pelvis-point, and front-neck landmarks are unavailable"
sizkorea_f234,F234,F234,F,22.0,152.2,47.0,33.0,79.6,62.8,91.0,29.400000000000006,,,,,,,69.7,40.3,ml/body_measurement/data/raw_test_data/F234_profile.csv,"same-image profile has crotch/knee heights for thigh_length; ankle, shoulder-height-to-pelvis-point, and front-neck landmarks are unavailable"
sizkorea_f241,F241,F241,F,69.0,152.1,57.3,30.8,91.6,83.8,92.5,27.4,,,,,,,66.8,39.4,ml/body_measurement/data/raw_test_data/F241_profile.csv,"same-image profile has crotch/knee heights for thigh_length; ankle, shoulder-height-to-pelvis-point, and front-neck landmarks are unavailable"
sizkorea_f246,F246,F246,F,29.0,159.6,59.9,35.8,92.3,75.5,98.4,27.799999999999997,,,,,,,66.6,38.8,ml/body_measurement/data/raw_test_data/F246_profile.csv,"same-image profile has crotch/knee heights for thigh_length; ankle, shoulder-height-to-pelvis-point, and front-neck landmarks are unavailable"
sizkorea_f251,F251,F251,F,38.0,164.4,49.0,33.1,80.5,63.0,87.5,31.4,,,,,,,73.5,42.1,ml/body_measurement/data/raw_test_data/F251_profile.csv,"same-image profile has crotch/knee heights for thigh_length; ankle, shoulder-height-to-pelvis-point, and front-neck landmarks are unavailable"
sizkorea_f259,F259,F259,F,61.0,161.0,71.8,32.4,106.6,94.1,100.7,26.799999999999997,,,,,,,70.5,43.7,ml/body_measurement/data/raw_test_data/F259_profile.csv,"same-image profile has crotch/knee heights for thigh_length; ankle, shoulder-height-to-pelvis-point, and front-neck landmarks are unavailable"
sizkorea_f265,F265,F265,F,35.0,159.8,65.5,35.2,91.0,78.8,100.8,29.099999999999994,,,,,,,71.1,42.0,ml/body_measurement/data/raw_test_data/F265_profile.csv,"same-image profile has crotch/knee heights for thigh_length; ankle, shoulder-height-to-pelvis-point, and front-neck landmarks are unavailable"
sizkorea_f268,F268,F268,F,25.0,157.6,53.5,31.6,82.5,67.5,94.3,29.0,,,,,,,68.0,39.0,ml/body_measurement/data/raw_test_data/F268_profile.csv,"same-image profile has crotch/knee heights for thigh_length; ankle, shoulder-height-to-pelvis-point, and front-neck landmarks are unavailable"
sizkorea_f269,F269,F269,F,25.0,162.5,52.4,36.4,79.8,60.6,88.9,30.4,,,,,,,71.0,40.6,ml/body_measurement/data/raw_test_data/F269_profile.csv,"same-image profile has crotch/knee heights for thigh_length; ankle, shoulder-height-to-pelvis-point, and front-neck landmarks are unavailable"
sizkorea_f274,F274,F274,F,34.0,169.6,53.7,33.5,78.0,69.5,91.5,32.900000000000006,,,,,,,79.7,46.8,ml/body_measurement/data/raw_test_data/F274_profile.csv,"same-image profile has crotch/knee heights for thigh_length; ankle, shoulder-height-to-pelvis-point, and front-neck landmarks are unavailable"
sizkorea_f275,F275,F275,F,43.0,148.6,74.7,35.1,102.5,95.0,106.2,24.700000000000003,,,,,,,62.2,37.5,ml/body_measurement/data/raw_test_data/F275_profile.csv,"same-image profile has crotch/knee heights for thigh_length; ankle, shoulder-height-to-pelvis-point, and front-neck landmarks are unavailable"
sizkorea_f282,F282,F282,F,44.0,163.9,60.3,37.0,89.0,74.3,94.0,28.300000000000004,,,,,,,71.2,42.9,ml/body_measurement/data/raw_test_data/F282_profile.csv,"same-image profile has crotch/knee heights for thigh_length; ankle, shoulder-height-to-pelvis-point, and front-neck landmarks are unavailable"
sizkorea_f285,F285,F285,F,23.0,164.6,63.0,36.8,94.0,76.6,96.7,32.599999999999994,,,,,,,73.6,41.0,ml/body_measurement/data/raw_test_data/F285_profile.csv,"same-image profile has crotch/knee heights for thigh_length; ankle, shoulder-height-to-pelvis-point, and front-neck landmarks are unavailable"
sizkorea_f292,F292,F292,F,29.0,167.5,62.4,35.0,91.3,72.7,98.3,29.4,,,,,,,70.5,41.1,ml/body_measurement/data/raw_test_data/F292_profile.csv,"same-image profile has crotch/knee heights for thigh_length; ankle, shoulder-height-to-pelvis-point, and front-neck landmarks are unavailable"
sizkorea_f293,F293,F293,F,32.0,154.8,57.5,34.8,88.3,75.8,93.4,26.0,,,,,,,67.0,41.0,ml/body_measurement/data/raw_test_data/F293_profile.csv,"same-image profile has crotch/knee heights for thigh_length; ankle, shoulder-height-to-pelvis-point, and front-neck landmarks are unavailable"
sizkorea_f301,F301,F301,F,37.0,155.6,55.9,30.4,87.6,71.9,90.9,28.6,,,,,,,70.0,41.4,ml/body_measurement/data/raw_test_data/F301_profile.csv,"same-image profile has crotch/knee heights for thigh_length; ankle, shoulder-height-to-pelvis-point, and front-neck landmarks are unavailable"
sizkorea_f312,F312,F312,F,24.0,158.2,51.4,34.5,84.5,67.0,87.6,30.299999999999997,,,,,,,70.1,39.8,ml/body_measurement/data/raw_test_data/F312_profile.csv,"same-image profile has crotch/knee heights for thigh_length; ankle, shoulder-height-to-pelvis-point, and front-neck landmarks are unavailable"
sizkorea_f313,F313,F313,F,43.0,172.6,63.5,34.7,88.7,76.5,99.4,32.00000000000001,,,,,,,74.9,42.9,ml/body_measurement/data/raw_test_data/F313_profile.csv,"same-image profile has crotch/knee heights for thigh_length; ankle, shoulder-height-to-pelvis-point, and front-neck landmarks are unavailable"
sizkorea_f317,F317,F317,F,26.0,156.0,55.1,35.5,88.0,73.0,94.7,29.099999999999994,,,,,,,68.6,39.5,ml/body_measurement/data/raw_test_data/F317_profile.csv,"same-image profile has crotch/knee heights for thigh_length; ankle, shoulder-height-to-pelvis-point, and front-neck landmarks are unavailable"
sizkorea_f319,F319,F319,F,55.0,163.7,55.7,33.6,88.2,72.3,90.5,29.4,,,,,,,74.8,45.4,ml/body_measurement/data/raw_test_data/F319_profile.csv,"same-image profile has crotch/knee heights for thigh_length; ankle, shoulder-height-to-pelvis-point, and front-neck landmarks are unavailable"
sizkorea_f342,F342,F342,F,51.0,155.1,56.9,33.0,89.5,74.2,94.0,25.700000000000003,,,,,,,64.9,39.2,ml/body_measurement/data/raw_test_data/F342_profile.csv,"same-image profile has crotch/knee heights for thigh_length; ankle, shoulder-height-to-pelvis-point, and front-neck landmarks are unavailable"
sizkorea_f343,F343,F343,F,33.0,162.5,62.8,34.6,91.9,79.2,94.6,27.700000000000003,,,,,,,72.2,44.5,ml/body_measurement/data/raw_test_data/F343_profile.csv,"same-image profile has crotch/knee heights for thigh_length; ankle, shoulder-height-to-pelvis-point, and front-neck landmarks are unavailable"
sizkorea_f345,F345,F345,F,36.0,169.7,60.0,35.0,88.0,71.0,94.4,33.400000000000006,,,,,,,74.4,41.0,ml/body_measurement/data/raw_test_data/F345_profile.csv,"same-image profile has crotch/knee heights for thigh_length; ankle, shoulder-height-to-pelvis-point, and front-neck landmarks are unavailable"
sizkorea_f346,F346,F346,F,38.0,165.2,56.9,33.1,77.8,66.0,94.9,29.900000000000006,,,,,,,72.4,42.5,ml/body_measurement/data/raw_test_data/F346_profile.csv,"same-image profile has crotch/knee heights for thigh_length; ankle, shoulder-height-to-pelvis-point, and front-neck landmarks are unavailable"
sizkorea_f349,F349,F349,F,30.0,166.5,58.5,33.4,86.4,69.6,92.6,31.799999999999997,,,,,,,76.0,44.2,ml/body_measurement/data/raw_test_data/F349_profile.csv,"same-image profile has crotch/knee heights for thigh_length; ankle, shoulder-height-to-pelvis-point, and front-neck landmarks are unavailable"
sizkorea_f352,F352,F352,F,20.0,160.2,58.9,33.4,92.8,75.0,92.1,28.699999999999996,,,,,,,70.3,41.6,ml/body_measurement/data/raw_test_data/F352_profile.csv,"same-image profile has crotch/knee heights for thigh_length; ankle, shoulder-height-to-pelvis-point, and front-neck landmarks are unavailable"
sizkorea_f354,F354,F354,F,74.0,153.8,79.5,34.4,108.5,101.3,112.0,26.599999999999994,,,,,,,65.3,38.7,ml/body_measurement/data/raw_test_data/F354_profile.csv,"same-image profile has crotch/knee heights for thigh_length; ankle, shoulder-height-to-pelvis-point, and front-neck landmarks are unavailable"
sizkorea_f355,F355,F355,F,28.0,167.8,53.0,34.1,79.8,69.2,92.0,34.8,,,,,,,80.6,45.8,ml/body_measurement/data/raw_test_data/F355_profile.csv,"same-image profile has crotch/knee heights for thigh_length; ankle, shoulder-height-to-pelvis-point, and front-neck landmarks are unavailable"
sizkorea_f357,F357,F357,F,29.0,164.2,55.1,35.0,81.5,67.9,89.6,30.200000000000003,,,,,,,72.5,42.3,ml/body_measurement/data/raw_test_data/F357_profile.csv,"same-image profile has crotch/knee heights for thigh_length; ankle, shoulder-height-to-pelvis-point, and front-neck landmarks are unavailable"
sizkorea_f364,F364,F364,F,32.0,161.7,59.5,34.6,85.5,73.7,95.4,27.700000000000003,,,,,,,67.2,39.5,ml/body_measurement/data/raw_test_data/F364_profile.csv,"same-image profile has crotch/knee heights for thigh_length; ankle, shoulder-height-to-pelvis-point, and front-neck landmarks are unavailable"
sizkorea_f365,F365,F365,F,39.0,158.7,63.0,34.6,90.9,78.4,100.0,28.800000000000004,,,,,,,69.2,40.4,ml/body_measurement/data/raw_test_data/F365_profile.csv,"same-image profile has crotch/knee heights for thigh_length; ankle, shoulder-height-to-pelvis-point, and front-neck landmarks are unavailable"
sizkorea_f368,F368,F368,F,32.0,155.0,50.9,34.5,81.7,66.8,89.5,28.599999999999994,,,,,,,66.8,38.2,ml/body_measurement/data/raw_test_data/F368_profile.csv,"same-image profile has crotch/knee heights for thigh_length; ankle, shoulder-height-to-pelvis-point, and front-neck landmarks are unavailable"
sizkorea_f369,F369,F369,F,40.0,165.5,55.0,34.7,84.4,65.9,92.7,32.7,,,,,,,74.9,42.2,ml/body_measurement/data/raw_test_data/F369_profile.csv,"same-image profile has crotch/knee heights for thigh_length; ankle, shoulder-height-to-pelvis-point, and front-neck landmarks are unavailable"
sizkorea_f374,F374,F374,F,45.0,160.9,54.1,34.5,82.5,68.6,94.8,28.89999999999999,,,,,,,69.1,40.2,ml/body_measurement/data/raw_test_data/F374_profile.csv,"same-image profile has crotch/knee heights for thigh_length; ankle, shoulder-height-to-pelvis-point, and front-neck landmarks are unavailable"
sizkorea_f376,F376,F376,F,53.0,166.1,70.1,38.1,97.0,83.5,98.5,30.799999999999997,,,,,,,72.6,41.8,ml/body_measurement/data/raw_test_data/F376_profile.csv,"same-image profile has crotch/knee heights for thigh_length; ankle, shoulder-height-to-pelvis-point, and front-neck landmarks are unavailable"
sizkorea_f385,F385,F385,F,63.0,160.5,64.7,34.0,93.7,78.6,99.1,26.9,,,,,,,69.3,42.4,ml/body_measurement/data/raw_test_data/F385_profile.csv,"same-image profile has crotch/knee heights for thigh_length; ankle, shoulder-height-to-pelvis-point, and front-neck landmarks are unavailable"
sizkorea_f394,F394,F394,F,33.0,162.9,57.6,36.9,83.6,70.6,95.5,30.799999999999997,,,,,,,71.5,40.7,ml/body_measurement/data/raw_test_data/F394_profile.csv,"same-image profile has crotch/knee heights for thigh_length; ankle, shoulder-height-to-pelvis-point, and front-neck landmarks are unavailable"
sizkorea_f396,F396,F396,F,49.0,159.1,53.6,34.2,84.3,71.4,88.2,27.799999999999997,,,,,,,67.8,40.0,ml/body_measurement/data/raw_test_data/F396_profile.csv,"same-image profile has crotch/knee heights for thigh_length; ankle, shoulder-height-to-pelvis-point, and front-neck landmarks are unavailable"
sizkorea_f398,F398,F398,F,21.0,155.4,52.1,35.5,88.4,71.0,89.6,29.0,,,,,,,69.8,40.8,ml/body_measurement/data/raw_test_data/F398_profile.csv,"same-image profile has crotch/knee heights for thigh_length; ankle, shoulder-height-to-pelvis-point, and front-neck landmarks are unavailable"
sizkorea_f405,F405,F405,F,26.0,158.2,54.5,33.8,89.0,68.7,94.6,30.599999999999994,,,,,,,70.1,39.5,ml/body_measurement/data/raw_test_data/F405_profile.csv,"same-image profile has crotch/knee heights for thigh_length; ankle, shoulder-height-to-pelvis-point, and front-neck landmarks are unavailable"
sizkorea_f408,F408,F408,F,53.0,163.1,56.3,34.5,85.3,71.0,95.2,30.799999999999997,,,,,,,73.3,42.5,ml/body_measurement/data/raw_test_data/F408_profile.csv,"same-image profile has crotch/knee heights for thigh_length; ankle, shoulder-height-to-pelvis-point, and front-neck landmarks are unavailable"
sizkorea_m012,M012,M012,M,26.0,177.9,78.4,38.6,92.3,82.1,100.4,26.999999999999993,,,,,,,75.1,48.1,ml/body_measurement/data/raw_test_data/M012_profile.csv,"same-image profile has crotch/knee heights for thigh_length; ankle, shoulder-height-to-pelvis-point, and front-neck landmarks are unavailable"
sizkorea_m018,M018,M018,M,31.0,174.6,68.7,39.4,84.1,79.7,95.8,27.5,,,,,,,73.2,45.7,ml/body_measurement/data/raw_test_data/M018_profile.csv,"same-image profile has crotch/knee heights for thigh_length; ankle, shoulder-height-to-pelvis-point, and front-neck landmarks are unavailable"
sizkorea_m019,M019,M019,M,58.0,165.9,65.4,38.9,91.1,82.2,90.6,31.900000000000006,,,,,,,72.4,40.5,ml/body_measurement/data/raw_test_data/M019_profile.csv,"same-image profile has crotch/knee heights for thigh_length; ankle, shoulder-height-to-pelvis-point, and front-neck landmarks are unavailable"
sizkorea_m021,M021,M021,M,72.0,169.3,56.4,37.6,85.6,82.7,87.3,31.699999999999996,,,,,,,74.3,42.6,ml/body_measurement/data/raw_test_data/M021_profile.csv,"same-image profile has crotch/knee heights for thigh_length; ankle, shoulder-height-to-pelvis-point, and front-neck landmarks are unavailable"
sizkorea_m023,M023,M023,M,28.0,172.8,56.3,37.1,83.0,70.1,86.6,31.099999999999994,,,,,,,78.8,47.7,ml/body_measurement/data/raw_test_data/M023_profile.csv,"same-image profile has crotch/knee heights for thigh_length; ankle, shoulder-height-to-pelvis-point, and front-neck landmarks are unavailable"
sizkorea_m025,M025,M025,M,34.0,165.8,85.5,40.4,98.3,98.2,104.6,26.699999999999996,,,,,,,68.6,41.9,ml/body_measurement/data/raw_test_data/M025_profile.csv,"same-image profile has crotch/knee heights for thigh_length; ankle, shoulder-height-to-pelvis-point, and front-neck landmarks are unavailable"
sizkorea_m030,M030,M030,M,30.0,170.8,76.9,41.9,96.1,82.6,99.0,26.000000000000007,,,,,,,69.4,43.4,ml/body_measurement/data/raw_test_data/M030_profile.csv,"same-image profile has crotch/knee heights for thigh_length; ankle, shoulder-height-to-pelvis-point, and front-neck landmarks are unavailable"
sizkorea_m034,M034,M034,M,22.0,165.0,73.1,43.4,94.5,84.0,97.5,25.599999999999994,,,,,,,70.1,44.5,ml/body_measurement/data/raw_test_data/M034_profile.csv,"same-image profile has crotch/knee heights for thigh_length; ankle, shoulder-height-to-pelvis-point, and front-neck landmarks are unavailable"
sizkorea_m035,M035,M035,M,78.0,166.0,46.6,34.4,78.8,65.6,84.0,-50.0,,,,,,,72.5,122.5,ml/body_measurement/data/raw_test_data/M035_profile.csv,"same-image profile has crotch/knee heights for thigh_length; ankle, shoulder-height-to-pelvis-point, and front-neck landmarks are unavailable"
sizkorea_m036,M036,M036,M,53.0,166.2,53.6,38.3,85.2,71.0,84.7,26.299999999999997,,,,,,,70.3,44.0,ml/body_measurement/data/raw_test_data/M036_profile.csv,"same-image profile has crotch/knee heights for thigh_length; ankle, shoulder-height-to-pelvis-point, and front-neck landmarks are unavailable"
sizkorea_m043,M043,M043,M,27.0,180.9,57.3,39.5,80.6,68.9,85.0,35.39999999999999,,,,,,,83.1,47.7,ml/body_measurement/data/raw_test_data/M043_profile.csv,"same-image profile has crotch/knee heights for thigh_length; ankle, shoulder-height-to-pelvis-point, and front-neck landmarks are unavailable"
sizkorea_m044,M044,M044,M,24.0,170.0,58.1,39.2,83.8,71.5,88.0,29.799999999999997,,,,,,,73.8,44.0,ml/body_measurement/data/raw_test_data/M044_profile.csv,"same-image profile has crotch/knee heights for thigh_length; ankle, shoulder-height-to-pelvis-point, and front-neck landmarks are unavailable"
sizkorea_m046,M046,M046,M,46.0,160.4,69.6,37.4,95.6,87.5,97.6,26.400000000000006,,,,,,,67.4,41.0,ml/body_measurement/data/raw_test_data/M046_profile.csv,"same-image profile has crotch/knee heights for thigh_length; ankle, shoulder-height-to-pelvis-point, and front-neck landmarks are unavailable"
sizkorea_m050,M050,M050,M,23.0,165.7,59.7,39.6,87.6,74.1,89.1,26.800000000000004,,,,,,,69.4,42.6,ml/body_measurement/data/raw_test_data/M050_profile.csv,"same-image profile has crotch/knee heights for thigh_length; ankle, shoulder-height-to-pelvis-point, and front-neck landmarks are unavailable"
sizkorea_m057,M057,M057,M,23.0,169.0,75.0,40.7,97.0,80.3,98.0,32.4,,,,,,,73.0,40.6,ml/body_measurement/data/raw_test_data/M057_profile.csv,"same-image profile has crotch/knee heights for thigh_length; ankle, shoulder-height-to-pelvis-point, and front-neck landmarks are unavailable"
sizkorea_m058,M058,M058,M,22.0,174.5,75.0,39.7,95.2,83.9,97.5,27.9,,,,,,,73.3,45.4,ml/body_measurement/data/raw_test_data/M058_profile.csv,"same-image profile has crotch/knee heights for thigh_length; ankle, shoulder-height-to-pelvis-point, and front-neck landmarks are unavailable"
sizkorea_m060,M060,M060,M,31.0,169.0,65.2,39.9,88.7,78.0,94.0,28.799999999999997,,,,,,,75.0,46.2,ml/body_measurement/data/raw_test_data/M060_profile.csv,"same-image profile has crotch/knee heights for thigh_length; ankle, shoulder-height-to-pelvis-point, and front-neck landmarks are unavailable"
sizkorea_m064,M064,M064,M,38.0,165.7,64.1,39.4,86.0,78.9,91.4,28.699999999999996,,,,,,,72.8,44.1,ml/body_measurement/data/raw_test_data/M064_profile.csv,"same-image profile has crotch/knee heights for thigh_length; ankle, shoulder-height-to-pelvis-point, and front-neck landmarks are unavailable"
sizkorea_m071,M071,M071,M,27.0,172.7,67.3,40.9,90.5,73.3,92.2,26.10000000000001,,,,,,,71.9,45.8,ml/body_measurement/data/raw_test_data/M071_profile.csv,"same-image profile has crotch/knee heights for thigh_length; ankle, shoulder-height-to-pelvis-point, and front-neck landmarks are unavailable"
sizkorea_m072,M072,M072,M,65.0,164.3,66.2,37.3,88.8,83.5,92.6,30.500000000000007,,,,,,,73.4,42.9,ml/body_measurement/data/raw_test_data/M072_profile.csv,"same-image profile has crotch/knee heights for thigh_length; ankle, shoulder-height-to-pelvis-point, and front-neck landmarks are unavailable"
sizkorea_m076,M076,M076,M,46.0,164.6,69.2,36.3,93.5,82.8,97.5,29.500000000000007,,,,,,,69.9,40.4,ml/body_measurement/data/raw_test_data/M076_profile.csv,"same-image profile has crotch/knee heights for thigh_length; ankle, shoulder-height-to-pelvis-point, and front-neck landmarks are unavailable"
sizkorea_m077,M077,M077,M,30.0,174.1,56.9,38.4,83.8,71.0,86.4,29.199999999999996,,,,,,,77.3,48.1,ml/body_measurement/data/raw_test_data/M077_profile.csv,"same-image profile has crotch/knee heights for thigh_length; ankle, shoulder-height-to-pelvis-point, and front-neck landmarks are unavailable"
sizkorea_m083,M083,M083,M,31.0,169.7,64.5,41.3,89.3,73.2,90.0,30.700000000000003,,,,,,,76.9,46.2,ml/body_measurement/data/raw_test_data/M083_profile.csv,"same-image profile has crotch/knee heights for thigh_length; ankle, shoulder-height-to-pelvis-point, and front-neck landmarks are unavailable"
sizkorea_m084,M084,M084,M,21.0,173.3,62.2,40.4,89.4,70.7,91.0,31.000000000000007,,,,,,,77.4,46.4,ml/body_measurement/data/raw_test_data/M084_profile.csv,"same-image profile has crotch/knee heights for thigh_length; ankle, shoulder-height-to-pelvis-point, and front-neck landmarks are unavailable"
sizkorea_m086,M086,M086,M,27.0,176.7,55.8,41.1,85.9,61.7,85.3,32.60000000000001,,,,,,,80.4,47.8,ml/body_measurement/data/raw_test_data/M086_profile.csv,"same-image profile has crotch/knee heights for thigh_length; ankle, shoulder-height-to-pelvis-point, and front-neck landmarks are unavailable"
sizkorea_m088,M088,M088,M,34.0,163.1,74.0,42.0,98.6,89.0,97.4,29.199999999999996,,,,,,,71.6,42.4,ml/body_measurement/data/raw_test_data/M088_profile.csv,"same-image profile has crotch/knee heights for thigh_length; ankle, shoulder-height-to-pelvis-point, and front-neck landmarks are unavailable"
sizkorea_m090,M090,M090,M,22.0,178.5,85.6,43.3,99.2,91.0,99.0,31.200000000000003,,,,,,,79.0,47.8,ml/body_measurement/data/raw_test_data/M090_profile.csv,"same-image profile has crotch/knee heights for thigh_length; ankle, shoulder-height-to-pelvis-point, and front-neck landmarks are unavailable"
sizkorea_m093,M093,M093,M,33.0,170.6,63.6,40.6,91.1,81.0,87.5,30.500000000000007,,,,,,,77.4,46.9,ml/body_measurement/data/raw_test_data/M093_profile.csv,"same-image profile has crotch/knee heights for thigh_length; ankle, shoulder-height-to-pelvis-point, and front-neck landmarks are unavailable"
sizkorea_m094,M094,M094,M,23.0,168.1,68.4,36.6,95.2,82.9,92.8,29.800000000000004,,,,,,,74.4,44.6,ml/body_measurement/data/raw_test_data/M094_profile.csv,"same-image profile has crotch/knee heights for thigh_length; ankle, shoulder-height-to-pelvis-point, and front-neck landmarks are unavailable"
sizkorea_m095,M095,M095,M,52.0,172.8,65.8,41.4,91.8,81.2,87.0,29.400000000000006,,,,,,,74.9,45.5,ml/body_measurement/data/raw_test_data/M095_profile.csv,"same-image profile has crotch/knee heights for thigh_length; ankle, shoulder-height-to-pelvis-point, and front-neck landmarks are unavailable"
sizkorea_m099,M099,M090,M,20.0,175.6,53.4,39.8,81.3,61.3,85.0,31.900000000000006,,,,,,,75.9,44.0,ml/body_measurement/data/raw_test_data/M099_profile.csv,"same-image profile has crotch/knee heights for thigh_length; ankle, shoulder-height-to-pelvis-point, and front-neck landmarks are unavailable"
sizkorea_m116,M116,M116,M,29.0,172.6,73.8,41.4,95.5,85.8,95.8,30.500000000000007,,,,,,,78.9,48.4,ml/body_measurement/data/raw_test_data/M116_profile.csv,"same-image profile has crotch/knee heights for thigh_length; ankle, shoulder-height-to-pelvis-point, and front-neck landmarks are unavailable"
sizkorea_m119,M119,M119,M,30.0,165.6,68.4,41.6,98.1,73.1,92.0,29.39999999999999,,,,,,,74.6,45.2,ml/body_measurement/data/raw_test_data/M119_profile.csv,"same-image profile has crotch/knee heights for thigh_length; ankle, shoulder-height-to-pelvis-point, and front-neck landmarks are unavailable"
sizkorea_m120,M120,M120,M,69.0,165.2,76.4,38.2,97.4,99.8,97.6,33.00000000000001,,,,,,,72.9,39.9,ml/body_measurement/data/raw_test_data/M120_profile.csv,"same-image profile has crotch/knee heights for thigh_length; ankle, shoulder-height-to-pelvis-point, and front-neck landmarks are unavailable"
sizkorea_m133,M133,M133,M,46.0,175.4,76.8,42.1,88.9,83.5,95.5,34.400000000000006,,,,,,,80.4,46.0,ml/body_measurement/data/raw_test_data/M133_profile.csv,"same-image profile has crotch/knee heights for thigh_length; ankle, shoulder-height-to-pelvis-point, and front-neck landmarks are unavailable"
sizkorea_m138,M138,M138,M,24.0,168.4,58.8,41.4,85.6,70.7,85.5,33.300000000000004,,,,,,,76.2,42.9,ml/body_measurement/data/raw_test_data/M138_profile.csv,"same-image profile has crotch/knee heights for thigh_length; ankle, shoulder-height-to-pelvis-point, and front-neck landmarks are unavailable"
sizkorea_m143,M143,M143,M,59.0,169.5,55.7,35.6,84.2,72.6,83.8,27.700000000000003,,,,,,,76.4,48.7,ml/body_measurement/data/raw_test_data/M143_profile.csv,"same-image profile has crotch/knee heights for thigh_length; ankle, shoulder-height-to-pelvis-point, and front-neck landmarks are unavailable"
sizkorea_m149,M149,M149,M,49.0,173.6,57.6,37.7,79.5,70.3,86.7,31.699999999999996,,,,,,,79.6,47.9,ml/body_measurement/data/raw_test_data/M149_profile.csv,"same-image profile has crotch/knee heights for thigh_length; ankle, shoulder-height-to-pelvis-point, and front-neck landmarks are unavailable"
sizkorea_m151,M151,M151,M,38.0,172.9,71.7,39.7,93.7,83.2,93.1,32.3,,,,,,,76.5,44.2,ml/body_measurement/data/raw_test_data/M151_profile.csv,"same-image profile has crotch/knee heights for thigh_length; ankle, shoulder-height-to-pelvis-point, and front-neck landmarks are unavailable"
sizkorea_m156,M156,M156,M,29.0,172.2,66.0,38.4,87.4,78.5,89.5,33.4,,,,,,,77.0,43.6,ml/body_measurement/data/raw_test_data/M156_profile.csv,"same-image profile has crotch/knee heights for thigh_length; ankle, shoulder-height-to-pelvis-point, and front-neck landmarks are unavailable"
sizkorea_m158,M158,M158,M,38.0,177.9,77.8,40.9,57.3,86.2,95.3,27.60000000000001,,,,,,,75.9,48.3,ml/body_measurement/data/raw_test_data/M158_profile.csv,"same-image profile has crotch/knee heights for thigh_length; ankle, shoulder-height-to-pelvis-point, and front-neck landmarks are unavailable"
sizkorea_m160,M160,M160,M,40.0,166.0,60.7,39.5,87.0,77.1,89.7,31.099999999999994,,,,,,,73.3,42.2,ml/body_measurement/data/raw_test_data/M160_profile.csv,"same-image profile has crotch/knee heights for thigh_length; ankle, shoulder-height-to-pelvis-point, and front-neck landmarks are unavailable"
sizkorea_m163,M163,M163,M,62.0,170.9,54.5,38.5,8.2,73.2,84.5,29.5,,,,,,,76.5,47.0,ml/body_measurement/data/raw_test_data/M163_profile.csv,"same-image profile has crotch/knee heights for thigh_length; ankle, shoulder-height-to-pelvis-point, and front-neck landmarks are unavailable"
sizkorea_m164,M164,M164,M,44.0,166.7,72.9,41.6,95.0,91.5,92.5,31.199999999999996,,,,,,,72.8,41.6,ml/body_measurement/data/raw_test_data/M164_profile.csv,"same-image profile has crotch/knee heights for thigh_length; ankle, shoulder-height-to-pelvis-point, and front-neck landmarks are unavailable"
sizkorea_m168,M168,M168,M,28.0,176.2,67.5,40.3,93.0,74.4,92.5,32.6,,,,,,,79.2,46.6,ml/body_measurement/data/raw_test_data/M168_profile.csv,"same-image profile has crotch/knee heights for thigh_length; ankle, shoulder-height-to-pelvis-point, and front-neck landmarks are unavailable"
sizkorea_m170,M170,M170,M,30.0,174.8,70.2,40.7,93.6,78.2,90.8,29.200000000000003,,,,,,,75.2,46.0,ml/body_measurement/data/raw_test_data/M170_profile.csv,"same-image profile has crotch/knee heights for thigh_length; ankle, shoulder-height-to-pelvis-point, and front-neck landmarks are unavailable"
sizkorea_m173,M173,M173,M,35.0,172.3,62.6,37.3,86.1,78.5,89.3,33.300000000000004,,,,,,,78.9,45.6,ml/body_measurement/data/raw_test_data/M173_profile.csv,"same-image profile has crotch/knee heights for thigh_length; ankle, shoulder-height-to-pelvis-point, and front-neck landmarks are unavailable"
sizkorea_m176,M176,M176,M,22.0,171.2,76.5,39.9,97.8,76.9,96.5,29.800000000000004,,,,,,,76.7,46.9,ml/body_measurement/data/raw_test_data/M176_profile.csv,"same-image profile has crotch/knee heights for thigh_length; ankle, shoulder-height-to-pelvis-point, and front-neck landmarks are unavailable"
sizkorea_m178,M178,M178,M,22.0,168.5,59.5,39.7,84.0,68.3,87.0,31.299999999999997,,,,,,,76.6,45.3,ml/body_measurement/data/raw_test_data/M178_profile.csv,"same-image profile has crotch/knee heights for thigh_length; ankle, shoulder-height-to-pelvis-point, and front-neck landmarks are unavailable"
sizkorea_m181,M181,M181,M,35.0,165.4,60.5,36.9,85.0,74.2,86.9,28.500000000000007,,,,,,,73.4,44.9,ml/body_measurement/data/raw_test_data/M181_profile.csv,"same-image profile has crotch/knee heights for thigh_length; ankle, shoulder-height-to-pelvis-point, and front-neck landmarks are unavailable"
sizkorea_m184,M184,M184,M,35.0,167.7,68.8,42.0,103.7,76.0,89.8,31.39999999999999,,,,,,,75.1,43.7,ml/body_measurement/data/raw_test_data/M184_profile.csv,"same-image profile has crotch/knee heights for thigh_length; ankle, shoulder-height-to-pelvis-point, and front-neck landmarks are unavailable"
sizkorea_m187,M187,M187,M,23.0,165.0,57.6,39.5,82.8,70.1,88.4,30.700000000000003,,,,,,,71.9,41.2,ml/body_measurement/data/raw_test_data/M187_profile.csv,"same-image profile has crotch/knee heights for thigh_length; ankle, shoulder-height-to-pelvis-point, and front-neck landmarks are unavailable"
sizkorea_m189,M189,M189,M,25.0,179.5,66.4,42.5,89.2,71.3,93.5,30.700000000000003,,,,,,,78.9,48.2,ml/body_measurement/data/raw_test_data/M189_profile.csv,"same-image profile has crotch/knee heights for thigh_length; ankle, shoulder-height-to-pelvis-point, and front-neck landmarks are unavailable"
sizkorea_m195,M195,M195,M,53.0,158.0,60.2,37.7,88.7,77.8,87.5,32.7,,,,,,,66.5,33.8,ml/body_measurement/data/raw_test_data/M195_profile.csv,"same-image profile has crotch/knee heights for thigh_length; ankle, shoulder-height-to-pelvis-point, and front-neck landmarks are unavailable"
sizkorea_m211,M211,M211,M,43.0,178.9,68.1,41.0,88.1,77.4,92.0,36.7,,,,,,,83.5,46.8,ml/body_measurement/data/raw_test_data/M211_profile.csv,"same-image profile has crotch/knee heights for thigh_length; ankle, shoulder-height-to-pelvis-point, and front-neck landmarks are unavailable"
sizkorea_m215,M215,M215,M,23.0,175.1,69.0,39.9,93.9,78.3,94.6,33.400000000000006,,,,,,,78.9,45.5,ml/body_measurement/data/raw_test_data/M215_profile.csv,"same-image profile has crotch/knee heights for thigh_length; ankle, shoulder-height-to-pelvis-point, and front-neck landmarks are unavailable"
sizkorea_m216,M216,M216,M,37.0,177.0,85.1,40.0,96.7,91.0,101.2,30.9,,,,,,,76.5,45.6,ml/body_measurement/data/raw_test_data/M216_profile.csv,"same-image profile has crotch/knee heights for thigh_length; ankle, shoulder-height-to-pelvis-point, and front-neck landmarks are unavailable"
sizkorea_m221,M221,M221,M,30.0,170.5,58.6,40.3,82.2,71.0,87.3,32.699999999999996,,,,,,,74.3,41.6,ml/body_measurement/data/raw_test_data/M221_profile.csv,"same-image profile has crotch/knee heights for thigh_length; ankle, shoulder-height-to-pelvis-point, and front-neck landmarks are unavailable"
sizkorea_m225,M225,M225,M,27.0,168.5,71.2,38.5,95.4,79.7,96.0,28.799999999999997,,,,,,,72.0,43.2,ml/body_measurement/data/raw_test_data/M225_profile.csv,"same-image profile has crotch/knee heights for thigh_length; ankle, shoulder-height-to-pelvis-point, and front-neck landmarks are unavailable"
sizkorea_m226,M226,M226,M,27.0,163.5,77.1,41.7,102.7,87.2,96.5,27.799999999999997,,,,,,,70.0,42.2,ml/body_measurement/data/raw_test_data/M226_profile.csv,"same-image profile has crotch/knee heights for thigh_length; ankle, shoulder-height-to-pelvis-point, and front-neck landmarks are unavailable"
sizkorea_m231,M231,M231,M,27.0,168.3,62.1,38.6,81.5,76.4,90.3,28.700000000000003,,,,,,,72.5,43.8,ml/body_measurement/data/raw_test_data/M231_profile.csv,"same-image profile has crotch/knee heights for thigh_length; ankle, shoulder-height-to-pelvis-point, and front-neck landmarks are unavailable"
sizkorea_m242,M242,M242,M,34.0,167.6,74.0,42.8,93.6,87.6,94.6,29.699999999999996,,,,,,,74.6,44.9,ml/body_measurement/data/raw_test_data/M242_profile.csv,"same-image profile has crotch/knee heights for thigh_length; ankle, shoulder-height-to-pelvis-point, and front-neck landmarks are unavailable"
sizkorea_m265,M265,M265,M,29.0,168.2,60.1,36.4,85.5,72.8,84.3,29.299999999999997,,,,,,,73.3,44.0,ml/body_measurement/data/raw_test_data/M265_profile.csv,"same-image profile has crotch/knee heights for thigh_length; ankle, shoulder-height-to-pelvis-point, and front-neck landmarks are unavailable"
sizkorea_m270,M270,M270,M,24.0,175.1,68.4,38.3,92.7,73.3,92.6,34.00000000000001,,,,,,,80.4,46.4,ml/body_measurement/data/raw_test_data/M270_profile.csv,"same-image profile has crotch/knee heights for thigh_length; ankle, shoulder-height-to-pelvis-point, and front-neck landmarks are unavailable"
sizkorea_m272,M272,M272,M,27.0,179.0,73.1,41.1,89.6,81.9,99.9,33.400000000000006,,,,,,,80.7,47.3,ml/body_measurement/data/raw_test_data/M272_profile.csv,"same-image profile has crotch/knee heights for thigh_length; ankle, shoulder-height-to-pelvis-point, and front-neck landmarks are unavailable"
sizkorea_m279,M279,M279,M,39.0,168.7,63.7,36.9,85.3,74.6,92.4,31.400000000000006,,,,,,,75.7,44.3,ml/body_measurement/data/raw_test_data/M279_profile.csv,"same-image profile has crotch/knee heights for thigh_length; ankle, shoulder-height-to-pelvis-point, and front-neck landmarks are unavailable"
sizkorea_m284,M284,M284,M,30.0,164.3,62.6,34.2,89.9,76.0,88.0,27.299999999999997,,,,,,,71.6,44.3,ml/body_measurement/data/raw_test_data/M284_profile.csv,"same-image profile has crotch/knee heights for thigh_length; ankle, shoulder-height-to-pelvis-point, and front-neck landmarks are unavailable"
sizkorea_m288,M288,M288,M,55.0,167.4,74.6,38.7,100.3,88.0,96.4,29.400000000000006,,,,,,,72.4,43.0,ml/body_measurement/data/raw_test_data/M288_profile.csv,"same-image profile has crotch/knee heights for thigh_length; ankle, shoulder-height-to-pelvis-point, and front-neck landmarks are unavailable"
sizkorea_m290,M290,M290,M,30.0,174.6,61.4,37.8,83.3,71.9,87.4,32.89999999999999,,,,,,,80.6,47.7,ml/body_measurement/data/raw_test_data/M290_profile.csv,"same-image profile has crotch/knee heights for thigh_length; ankle, shoulder-height-to-pelvis-point, and front-neck landmarks are unavailable"
sizkorea_m292,M292,M292,M,30.0,177.8,64.8,41.9,84.8,75.2,85.5,35.3,,,,,,,81.0,45.7,ml/body_measurement/data/raw_test_data/M292_profile.csv,"same-image profile has crotch/knee heights for thigh_length; ankle, shoulder-height-to-pelvis-point, and front-neck landmarks are unavailable"
sizkorea_m295,M295,M295,M,36.0,177.8,74.8,40.4,93.5,79.3,94.8,33.89999999999999,,,,,,,79.6,45.7,ml/body_measurement/data/raw_test_data/M295_profile.csv,"same-image profile has crotch/knee heights for thigh_length; ankle, shoulder-height-to-pelvis-point, and front-neck landmarks are unavailable"
sizkorea_m300,M300,M300,M,63.0,170.4,56.9,35.1,83.5,69.9,85.5,27.4,,,,,,,70.8,43.4,ml/body_measurement/data/raw_test_data/M300_profile.csv,"same-image profile has crotch/knee heights for thigh_length; ankle, shoulder-height-to-pelvis-point, and front-neck landmarks are unavailable"
sizkorea_m302,M302,M302,M,24.0,167.3,88.5,37.4,108.0,99.5,105.1,28.200000000000003,,,,,,,69.9,41.7,ml/body_measurement/data/raw_test_data/M302_profile.csv,"same-image profile has crotch/knee heights for thigh_length; ankle, shoulder-height-to-pelvis-point, and front-neck landmarks are unavailable"
sizkorea_m309,M309,M309,M,58.0,165.5,57.1,35.0,82.4,74.7,88.9,26.699999999999996,,,,,,,70.1,43.4,ml/body_measurement/data/raw_test_data/M309_profile.csv,"same-image profile has crotch/knee heights for thigh_length; ankle, shoulder-height-to-pelvis-point, and front-neck landmarks are unavailable"
sizkorea_m332,M332,M332,M,53.0,171.2,79.2,39.4,101.6,92.0,94.5,30.1,,,,,,,74.7,44.6,ml/body_measurement/data/raw_test_data/M332_profile.csv,"same-image profile has crotch/knee heights for thigh_length; ankle, shoulder-height-to-pelvis-point, and front-neck landmarks are unavailable"
sizkorea_m336,M336,M336,M,27.0,164.7,62.5,35.6,86.3,76.1,91.0,29.099999999999994,,,,,,,71.6,42.5,ml/body_measurement/data/raw_test_data/M336_profile.csv,"same-image profile has crotch/knee heights for thigh_length; ankle, shoulder-height-to-pelvis-point, and front-neck landmarks are unavailable"
sizkorea_m346,M346,M346,M,66.0,171.1,83.4,42.8,102.1,97.2,100.2,27.400000000000006,,,,,,,71.7,44.3,ml/body_measurement/data/raw_test_data/M346_profile.csv,"same-image profile has crotch/knee heights for thigh_length; ankle, shoulder-height-to-pelvis-point, and front-neck landmarks are unavailable"
sizkorea_m356,M356,M356,M,35.0,179.3,81.7,40.9,95.6,83.7,98.4,31.800000000000004,,,,,,,79.2,47.4,ml/body_measurement/data/raw_test_data/M356_profile.csv,"same-image profile has crotch/knee heights for thigh_length; ankle, shoulder-height-to-pelvis-point, and front-neck landmarks are unavailable"
sizkorea_m360,M360,M360,M,56.0,172.8,105.6,40.7,113.4,116.5,109.5,24.199999999999996,,,,,,,70.3,46.1,ml/body_measurement/data/raw_test_data/M360_profile.csv,"same-image profile has crotch/knee heights for thigh_length; ankle, shoulder-height-to-pelvis-point, and front-neck landmarks are unavailable"
sizkorea_m369,M369,M369,M,36.0,174.3,63.8,37.0,88.9,76.1,91.0,30.599999999999994,,,,,,,77.8,47.2,ml/body_measurement/data/raw_test_data/M369_profile.csv,"same-image profile has crotch/knee heights for thigh_length; ankle, shoulder-height-to-pelvis-point, and front-neck landmarks are unavailable"
sizkorea_m385,M385,M385,M,65.0,160.4,57.2,36.6,87.1,80.3,85.4,26.60000000000001,,,,,,,67.9,41.3,ml/body_measurement/data/raw_test_data/M385_profile.csv,"same-image profile has crotch/knee heights for thigh_length; ankle, shoulder-height-to-pelvis-point, and front-neck landmarks are unavailable"
sizkorea_m404,M404,M404,M,44.0,174.7,83.7,40.1,101.8,91.2,101.2,29.099999999999994,,,,,,,73.6,44.5,ml/body_measurement/data/raw_test_data/M404_profile.csv,"same-image profile has crotch/knee heights for thigh_length; ankle, shoulder-height-to-pelvis-point, and front-neck landmarks are unavailable"
sizkorea_m406,M406,M406,M,59.0,162.3,74.4,37.6,97.3,95.1,94.1,24.5,,,,,,,68.7,44.2,ml/body_measurement/data/raw_test_data/M406_profile.csv,"same-image profile has crotch/knee heights for thigh_length; ankle, shoulder-height-to-pelvis-point, and front-neck landmarks are unavailable"
sizkorea_m407,M407,M407,M,43.0,171.2,68.1,36.8,93.2,78.1,92.8,29.400000000000006,,,,,,,75.7,46.3,ml/body_measurement/data/raw_test_data/M407_profile.csv,"same-image profile has crotch/knee heights for thigh_length; ankle, shoulder-height-to-pelvis-point, and front-neck landmarks are unavailable"
sizkorea_m412,M412,M412,M,32.0,176.8,77.6,39.1,95.8,83.7,99.5,30.700000000000003,,,,,,,76.0,45.3,ml/body_measurement/data/raw_test_data/M412_profile.csv,"same-image profile has crotch/knee heights for thigh_length; ankle, shoulder-height-to-pelvis-point, and front-neck landmarks are unavailable"
sizkorea_m417,M417,M417,M,75.0,154.7,59.0,34.8,88.2,85.7,89.6,25.699999999999996,,,,,,,66.6,40.9,ml/body_measurement/data/raw_test_data/M417_profile.csv,"same-image profile has crotch/knee heights for thigh_length; ankle, shoulder-height-to-pelvis-point, and front-neck landmarks are unavailable"
sizkorea_m419,M419,M419,M,51.0,171.4,68.7,40.8,93.7,84.6,87.9,26.200000000000003,,,,,,,72.7,46.5,ml/body_measurement/data/raw_test_data/M419_profile.csv,"same-image profile has crotch/knee heights for thigh_length; ankle, shoulder-height-to-pelvis-point, and front-neck landmarks are unavailable"
sizkorea_m424,M424,M424,M,66.0,167.3,65.5,36.7,95.3,85.6,89.5,26.900000000000006,,,,,,,72.7,45.8,ml/body_measurement/data/raw_test_data/M424_profile.csv,"same-image profile has crotch/knee heights for thigh_length; ankle, shoulder-height-to-pelvis-point, and front-neck landmarks are unavailable"
sizkorea_m454,M454,M454,M,73.0,159.9,54.0,35.5,79.8,71.7,85.7,29.0,,,,,,,71.0,42.0,ml/body_measurement/data/raw_test_data/M454_profile.csv,"same-image profile has crotch/knee heights for thigh_length; ankle, shoulder-height-to-pelvis-point, and front-neck landmarks are unavailable"
sizkorea_m456,M456,M456,M,75.0,161.8,54.6,38.6,84.2,79.0,88.2,26.199999999999996,,,,,,,69.8,43.6,ml/body_measurement/data/raw_test_data/M456_profile.csv,"same-image profile has crotch/knee heights for thigh_length; ankle, shoulder-height-to-pelvis-point, and front-neck landmarks are unavailable"
sizkorea_m460,M460,M460,M,73.0,175.2,65.6,41.1,92.7,81.8,92.3,29.799999999999997,,,,,,,76.6,46.8,ml/body_measurement/data/raw_test_data/M460_profile.csv,"same-image profile has crotch/knee heights for thigh_length; ankle, shoulder-height-to-pelvis-point, and front-neck landmarks are unavailable"
sizkorea_m463,M463,M463,M,77.0,162.1,46.9,36.2,81.3,74.8,82.5,28.799999999999997,,,,,,,69.0,40.2,ml/body_measurement/data/raw_test_data/M463_profile.csv,"same-image profile has crotch/knee heights for thigh_length; ankle, shoulder-height-to-pelvis-point, and front-neck landmarks are unavailable"
sizkorea_m465,M465,M465,M,67.0,159.5,66.7,35.5,93.1,89.7,91.6,24.5,,,,,,,66.3,41.8,ml/body_measurement/data/raw_test_data/M465_profile.csv,"same-image profile has crotch/knee heights for thigh_length; ankle, shoulder-height-to-pelvis-point, and front-neck landmarks are unavailable"
sizkorea_m468,M468,M468,M,27.0,168.8,80.9,37.4,100.7,98.0,102.9,27.999999999999993,,,,,,,71.1,43.1,ml/body_measurement/data/raw_test_data/M468_profile.csv,"same-image profile has crotch/knee heights for thigh_length; ankle, shoulder-height-to-pelvis-point, and front-neck landmarks are unavailable"
sizkorea_m470,M470,M470,M,26.0,170.5,56.0,38.2,84.3,69.7,83.2,34.3,,,,,,,79.0,44.7,ml/body_measurement/data/raw_test_data/M470_profile.csv,"same-image profile has crotch/knee heights for thigh_length; ankle, shoulder-height-to-pelvis-point, and front-neck landmarks are unavailable"
sizkorea_m472,M472,M472,M,59.0,177.2,73.9,40.2,95.2,86.3,96.2,32.699999999999996,,,,,,,79.6,46.9,ml/body_measurement/data/raw_test_data/M472_profile.csv,"same-image profile has crotch/knee heights for thigh_length; ankle, shoulder-height-to-pelvis-point, and front-neck landmarks are unavailable"
sizkorea_m476,M476,M476,M,58.0,165.4,65.9,37.5,92.4,83.6,89.8,31.099999999999994,,,,,,,73.1,42.0,ml/body_measurement/data/raw_test_data/M476_profile.csv,"same-image profile has crotch/knee heights for thigh_length; ankle, shoulder-height-to-pelvis-point, and front-neck landmarks are unavailable"
sizkorea_m481,M481,M481,M,76.0,159.9,64.3,37.4,97.2,91.3,92.2,29.0,,,,,,,70.2,41.2,ml/body_measurement/data/raw_test_data/M481_profile.csv,"same-image profile has crotch/knee heights for thigh_length; ankle, shoulder-height-to-pelvis-point, and front-neck landmarks are unavailable"
sizkorea_m497,M497,M497,M,75.0,157.4,63.9,37.5,90.3,87.0,95.6,25.300000000000004,,,,,,,67.9,42.6,ml/body_measurement/data/raw_test_data/M497_profile.csv,"same-image profile has crotch/knee heights for thigh_length; ankle, shoulder-height-to-pelvis-point, and front-neck landmarks are unavailable"
